Title,Author,length
The Butcher's Masquerade,By: Matt Dinniman,Length: 23 hrs and 33 mins
Why I Stand,By: Jonathan Isaac,Length: 4 hrs and 29 mins
Don't Let Me Fall,By: Kelsie Rae,Length: 9 hrs and 4 mins
Glad You're Here,"By: Walker Hayes, Craig Allen Cooper",Length: 4 hrs and 20 mins
Riley Thorn and the Blast from the Past,By: Lucy Score,Length: 11 hrs and 2 mins
Six Graves,By: Angela Marsons,Length: 8 hrs and 33 mins
Gleam,By: Raven Kennedy,Length: 21 hrs and 1 min
Here's the Deal,By: Kellyanne Conway,Length: 19 hrs and 58 mins
Death,By: Laura Thalassa,Length: 15 hrs and 30 mins
The Hourglass Throne,By: K. D. Edwards,Length: 14 hrs and 19 mins
How to Be a Boss B*tch,"By: Christine Quinn, Rachel Holtzman",Length: 7 hrs and 43 mins
The End of the World Is Just the Beginning,By: Peter Zeihan,Length: 14 hrs and 45 mins
Of Claws and Fangs,By: Faith Hunter,Length: 14 hrs and 14 mins
In the Long Run,By: Haley Cass,Length: 16 hrs and 23 mins
City of Scars,By: JD Kirk,Length: 11 hrs and 23 mins
The Power of One More,By: Ed Mylett,Length: 7 hrs and 30 mins
Equatorial,By: Ryan DeBruyn,Length: 13 hrs and 47 mins
Midlife Witch Hunter,By: Shannon Mayer,Length: 8 hrs and 58 mins
Boyfriend Goals,By: Riley Hart,Length: 7 hrs and 38 mins
Air Awakens: The Complete Series,By: Elise Kova,Length: 60 hrs and 11 mins
Nightwork,By: Nora Roberts,Length: 16 hrs and 22 mins
If I Don't Ask,By: E.J. Noyes,Length: 11 hrs and 11 mins
Swords of Lightning,"By: Mark Nutsch, Bob Pennington, Jim DeFelice",Length: 9 hrs and 42 mins
The Mountain Is You,By: Brianna Wiest,Length: 5 hrs and 44 mins
Ivy,By: Willa Nash,Length: 15 hrs and 47 mins
Dissonance,By: Nicoli Gonnella,Length: 26 hrs and 44 mins
Fin,By: Jude Angelini,Length: 3 hrs and 50 mins
Wonder,By: R. J. Palacio,Length: 7 hrs and 10 mins
The Ink Black Heart,By: Robert Galbraith,Length: 20 hrs
The Magic of Momentum,By: Stephen Guise,Length: 4 hrs and 51 mins
2000 Mules,By: Dinesh D'Souza,Length: 4 hrs and 16 mins
Then Came Love: Jax Braden,By: Melissa Foster,Length: 10 hrs and 7 mins
An Apology to Lucifer,"By: Sean P. Haley, Wayne E. Haley",Length: 6 hrs and 2 mins
Insight,By: Jay Boyce,Length: 13 hrs and 6 mins
Raven House,By: Deacon Frost,Length: 9 hrs and 11 mins
Mafia Darling,By: Mila Finelli,Length: 10 hrs and 23 mins
Zombie Upheaval,By: Javan Bonds,Length: 14 hrs and 33 mins
Match Game,By: Craig Alanson,Length: 22 hrs and 13 mins
Heartless Sky,"By: Caroline Peckham, Susanne Valenti",Length: 30 hrs and 10 mins
Vainqueur the Dragon III: World Tour Edition,By: Maxime J. Durand,Length: 22 hrs and 30 mins
Make Me Disappear,By: Jessica Payne,Length: 9 hrs and 28 mins
Steamforged Sorcery,By: Actus,Length: 11 hrs and 25 mins
Freezing Order,By: Bill Browder,Length: 10 hrs and 29 mins
Homecoming King,By: Penny Reid,Length: 12 hrs and 27 mins
Kharn: Eater of Worlds,By: Anthony Reynolds,Length: 6 hrs and 35 mins
Queen,By: Karen Lynch,Length: 14 hrs and 30 mins
Consorting with Spirits,"By: Jason Miller, Mat Auryn - foreword",Length: 7 hrs and 52 mins
Plandemic: Fear Is the Virus. Truth Is the Cure.,By: Mikki Willis,Length: 4 hrs and 54 mins
Death of a Salesman,By: Arthur Miller,Length: 2 hrs and 16 mins
The Housemaid,By: Freida McFadden,Length: 9 hrs and 41 mins
The Magnolia Murders,By: Aimee Nicole Walker,Length: 9 hrs and 33 mins
Influenced,By: Felice Stevens,Length: 9 hrs and 23 mins
Traced: Human DNA's Big Surprise,By: Nathaniel T. Jeanson,Length: 7 hrs and 5 mins
Mother of Learning Arc 2,"By: nobody103, Domagoj Kurmaic",Length: 25 hrs and 11 mins
Code Blue,By: N.R. Walker,Length: 13 hrs and 4 mins
"Player Reached the Top, Book 6","By: Rick Scar, Ingrid Wolf - translator",Length: 8 hrs and 51 mins
Defiance of the Fall 5,"By: TheFirstDefier, JF Brink",Length: 24 hrs and 11 mins
A New Way to Think,By: Roger L. Martin,Length: 7 hrs and 58 mins
The Lost Bones,By: Ruhi Choudhary,Length: 10 hrs and 8 mins
How to Build Confidence and Win at Life,By: Cory Gregory,Length: 5 hrs and 4 mins
Primitives,By: Erich Krauss,Length: 11 hrs and 31 mins
The Buy-In,By: Emma St. Clair,Length: 12 hrs and 51 mins
Soul Construction,By: Ruchi Koval,Length: 5 hrs and 14 mins
Only Wanna Be with You,By: Tim Sommer,Length: 9 hrs and 19 mins
Locked Up Liars,By: Elle Thorpe,Length: 8 hrs and 41 mins
Second Glances,By: Kelsey Soliz,Length: 7 hrs and 37 mins
Briarhill to Brooklyn,By: Jack Bodkin,Length: 12 hrs and 18 mins
Own Your Past Change Your Future,By: Dr. John Delony,Length: 6 hrs and 47 mins
Mystery at Lovelace Manor,By: Clare Chase,Length: 9 hrs and 9 mins
Aether's Apprentices,By: Daniel Schinhofen,Length: 14 hrs and 33 mins
The Fiat Standard,By: Saifedean Ammous,Length: 12 hrs and 44 mins
Dirty Devil,By: Heather Long,Length: 10 hrs and 40 mins
Lighthouse Way,By: Kristen Proby,Length: 6 hrs and 55 mins
Savage Rivals,By: Becca Steele,Length: 5 hrs and 53 mins
Brain over Binge,By: Kathryn Hansen,Length: 9 hrs and 59 mins
He Who Fights with Monsters 6,"By: Shirtaloon, Travis Deverell",Length: 15 hrs and 51 mins
Monster Island,By: Chris Vines,Length: 14 hrs and 47 mins
Seabreeze Shores,By: Jan Moran,Length: 7 hrs and 20 mins
Core Construction,By: Jonathan Brooks,Length: 11 hrs and 55 mins
Summoner's Shadow 1,By: DB King,Length: 13 hrs and 29 mins
A Gentle Reminder,By: Bianca Sparacino,Length: 2 hrs and 31 mins
Noble Roots,By: Drew Hayes,Length: 25 hrs
King of Alchemy,By: Simon Archer,Length: 9 hrs and 25 mins
An English Garden Murder,By: Katie Gayle,Length: 6 hrs and 53 mins
Post After Post-Mortem,By: E.C.R. Lorac,Length: 10 hrs and 16 mins
Acyrologia,"By: Dennis Vanderkerken, Dakota Krout",Length: 12 hrs and 17 mins
Encore in Death,By: J. D. Robb,Length: 11 hrs and 40 mins
Shattered Gods,By: Chris Fox,Length: 19 hrs and 51 mins
Cultivating Genius,By: Gholdy Muhammad,Length: 5 hrs and 53 mins
Do the Impossible,By: Jason Drees,Length: 5 hrs and 27 mins
Choice,By: Jodi Picoult,Length: 38 mins
Composting Masterclass,By: Tony O'Neill,Length: 8 hrs and 39 mins
Part of Your World,By: Abby Jimenez,Length: 10 hrs and 5 mins
The Lost Summers of Newport,"By: Beatriz Williams, Lauren Willig, Karen White",Length: 13 hrs and 8 mins
The Book Woman's Daughter,By: Kim Michele Richardson,Length: 10 hrs and 29 mins
Business Is Personal,By: Bethenny Frankel,Length: 6 hrs and 59 mins
Quicksilver,By: Dannika Dark,Length: 13 hrs and 5 mins
Death on a Summer's Day,By: Benedict Brown,Length: 8 hrs and 37 mins
The Menu,By: Aaron Clarey,Length: 4 hrs and 15 mins
Spirit Legacy,By: E. E. Holmes,Length: 10 hrs and 44 mins
Spirit,By: Aaron Oster,Length: 12 hrs and 50 mins
"Forever, Con Amor",By: A. M. Johnson,Length: 9 hrs and 23 mins
Claiming the Cowboy,By: Kennedy Fox,Length: 6 hrs and 46 mins
The Damning Stone,By: TJ Klune,Length: 16 hrs and 58 mins
Portrait of an Unknown Woman,By: Daniel Silva,Length: 12 hrs
Solo Leveling: Vol. 4,By: Chugong,Length: 7 hrs and 43 mins
Convergence,By: Craig Alanson,Length: 16 hrs and 40 mins
The Dark Flood,By: Deon Meyer,Length: 14 hrs and 26 mins
Empire of Ruin,By: Eva Ashwood,Length: 14 hrs and 36 mins
Scars and Stripes,"By: Tim Kennedy, Nick Palmisciano",Length: 17 hrs
What's Here Now?,"By: Jeanne Stevens, Shauna Niequist - foreword",Length: 8 hrs and 11 mins
Powerful Phrases for Dealing with Difficult People,By: Renee Evenson,Length: 6 hrs and 53 mins
Father Complex,By: Gregory Ashe,Length: 11 hrs and 31 mins
Happy-Go-Lucky,By: David Sedaris,Length: 7 hrs and 30 mins
Zodiac Academy,"By: Caroline Peckham, Susanne Valenti",Length: 16 hrs and 27 mins
The Enchanter,By: Tobias Begley,Length: 14 hrs and 2 mins
A Forest of Stars,By: Linsey Hall,Length: 6 hrs and 34 mins
Where Dragons Collide,By: T. A. White,Length: 15 hrs and 25 mins
Revealing Revelation,"By: Amir Tsarfati, Rick Yohn",Length: 9 hrs and 46 mins
Happy Days,By: Gabrielle Bernstein,Length: 6 hrs and 11 mins
Caged Wolf,"By: Caroline Peckham, Susanne Valenti",Length: 16 hrs and 47 mins
Sparring Partners,By: John Grisham,Length: 9 hrs and 57 mins
Missing Pieces,By: Peter Grainger,Length: 9 hrs and 35 mins
Incandescent,By: Christina Lee,Length: 8 hrs and 44 mins
The Sheriff 2,By: M.R. Forbes,Length: 11 hrs and 50 mins
How to Keep House While Drowning,By: KC Davis LPC,Length: 3 hrs and 3 mins
Mean Baby,By: Selma Blair,Length: 9 hrs and 43 mins
Living Untethered,By: Michael A. Singer,Length: 5 hrs and 32 mins
Secrets of the Sprakkar,By: Eliza Reid,Length: 9 hrs and 36 mins
The Island,By: Adrian McKinty,Length: 8 hrs and 56 mins
Emotional Inheritance,By: Galit Atlas,Length: 9 hrs and 3 mins
The Homewreckers,By: Mary Kay Andrews,Length: 14 hrs and 29 mins
Something Wilder,By: Christina Lauren,Length: 9 hrs and 27 mins
The Palace Papers,By: Tina Brown,Length: 17 hrs and 56 mins
Speak,By: Tunde Oyeneyin,Length: 6 hrs and 27 mins
City World,By: B.V. Larson,Length: 12 hrs and 58 mins
Outdoor Kids in an Inside World,By: Steven Rinella,Length: 6 hrs and 3 mins
Crucial Conversations (Third Edition),"By: Joseph Grenny, Kerry Patterson, Ron McMillan, Al Switzler, Emily Gregory",Length: 7 hrs and 45 mins
And Then She Kissed Me,By: Harper Bliss,Length: 6 hrs and 47 mins
Allen Carr's Quit Drinking Without Willpower,By: Allen Carr,Length: 5 hrs and 47 mins
Fallen Creed,By: Alex Kava,Length: 8 hrs and 42 mins
River of the Gods,By: Candice Millard,Length: 10 hrs and 2 mins
Her Royal Happiness,By: Lola Keeley,Length: 10 hrs and 1 min
Dead Against Her,By: Melinda Leigh,Length: 9 hrs and 31 mins
The Maid,By: Nita Prose,Length: 9 hrs and 37 mins
Through Crimson Irish Light,By: Ava Miles,Length: 11 hrs and 27 mins
Silent Running,"By: George Wallace, Don Keith",Length: 9 hrs and 8 mins
Do I Stay Christian?,By: Brian D. McLaren,Length: 11 hrs and 19 mins
The Hunger of the Gods,By: John Gwynne,Length: 22 hrs and 58 mins
Brambles and Thorns,By: J.T. Wright,Length: 19 hrs and 31 mins
My Evil Mother,By: Margaret Atwood,Length: 57 mins
His Human Stalker,By: Michele Mills,Length: 5 hrs and 26 mins
Eat for Energy,"By: Ari Whitten, Alex Leaf MS",Length: 7 hrs and 27 mins
Just Tyrus,By: Tyrus,Length: 6 hrs and 30 mins
First Fist,By: TJ Reynolds,Length: 26 hrs and 46 mins
A Sacred Oath,By: Mark T. Esper,Length: 20 hrs and 56 mins
The Name of the Wind,By: Patrick Rothfuss,Length: 27 hrs and 55 mins
Liar's Poker,By: Michael Lewis,Length: 10 hrs and 16 mins
The Seven Husbands of Evelyn Hugo,By: Taylor Jenkins Reid,Length: 12 hrs and 10 mins
Boom Town,By: Garrison Keillor,Length: 12 hrs and 22 mins
Chain of Thorns,By: Cassandra Clare,Length: 21 hrs
Insurrection,By: Matthew Peed,Length: 7 hrs and 37 mins
Master of the Hoard,By: Lars Machmüller,Length: 14 hrs and 34 mins
Davo,By: N.R. Walker,Length: 4 hrs and 21 mins
Deceptive Vows,"By: Faith Summers, Khardine Gray",Length: 11 hrs and 29 mins
By the Book,By: Jasmine Guillory,Length: 9 hrs and 42 mins
King of Battle and Blood,By: Scarlett St. Clair,Length: 12 hrs and 26 mins
Todas esas cosas que te diré mañana [All Those Things I’ll Tell You Tomorrow],By: Elísabet Benavent,Length: 14 hrs and 12 mins
Disorder,By: Helen Thompson,Length: 11 hrs and 39 mins
Kick Fear in the Face,By: Thea Wood,Length: 6 hrs and 44 mins
Things We Never Got Over,By: Lucy Score,Length: 16 hrs and 1 min
Evil Woman,By: Julie Mulhern,Length: 6 hrs and 53 mins
Praise,By: Sara Cate,Length: 10 hrs and 37 mins
No Bad Parts,"By: Richard C. Schwartz PhD, Alanis Morissette - foreword introduction",Length: 8 hrs and 10 mins
Arrive and Thrive,"By: Susan MacKenty Brady, Lynn Perry Wooten, Janet Foutty",Length: 6 hrs and 28 mins
The Last Emperor of Mexico,By: Edward Shawcross,Length: 11 hrs and 54 mins
This Time Tomorrow,By: Emma Straub,Length: 8 hrs and 31 mins
Return to You,By: Shannon Kaiser,Length: 7 hrs and 33 mins
The Fourth Man,By: Robert Baer,Length: 7 hrs and 46 mins
Not in It to Win It,By: Andy Stanley,Length: 5 hrs and 11 mins
Sacred Woman,By: Queen Afua,Length: 27 hrs and 59 mins
Magic Outside the Box,By: Honor Raconteur,Length: 5 hrs and 58 mins
Extradition,By: Kelly Fox,Length: 9 hrs and 1 min
Enemies Abroad,By: R.S. Grey,Length: 7 hrs and 23 mins
Allow Me to Retort,By: Elie Mystal,Length: 8 hrs and 37 mins
Razzmatazz,By: Christopher Moore,Length: 9 hrs and 58 mins
How to Get Paid for What You Know,By: Graham Cochrane,Length: 6 hrs and 12 mins
Shared Insanity,By: KamikazePotato,Length: 19 hrs and 18 mins
The Vanishing Type,By: Ellery Adams,Length: 9 hrs and 1 min
Braiding Sweetgrass,By: Robin Wall Kimmerer,Length: 16 hrs and 44 mins
The Hate U Give,By: Angie Thomas,Length: 11 hrs and 50 mins
Hyperion,By: Dan Simmons,Length: 20 hrs and 44 mins
How Emotions Are Made,By: Lisa Feldman Barrett,Length: 14 hrs and 32 mins
A Darker Shade of Magic,By: V. E. Schwab,Length: 11 hrs and 34 mins
To Kill a Mockingbird,By: Harper Lee,Length: 12 hrs and 17 mins
Excavating the Evidence for Jesus,By: Titus Kennedy,Length: 11 hrs and 27 mins
The Murder Rule,By: Dervla McTiernan,Length: 9 hrs and 19 mins
The Five Dysfunctions of a Team,By: Patrick Lencioni,Length: 3 hrs and 42 mins
A Gentleman in Moscow,By: Amor Towles,Length: 17 hrs and 52 mins
The Other Half of the Grave,By: Jeaniene Frost,Length: 13 hrs and 13 mins
The Hitchhiker's Guide to the Galaxy,By: Douglas Adams,Length: 5 hrs and 51 mins
Fossil Future,By: Alex Epstein,Length: 16 hrs and 15 mins
Master Arcanist,By: Shami Stovall,Length: 18 hrs and 3 mins
El peligro de estar cuerda,By: Rosa Montero,Length: 9 hrs and 14 mins
Roma soy yo [Rome Is Me],By: Santiago Posteguillo,Length: 22 hrs and 13 mins
Grit,By: Angela Duckworth,Length: 9 hrs and 22 mins
The Millionaire Next Door,"By: Thomas J. Stanley Ph.D., William D. Danko Ph.D.",Length: 8 hrs and 16 mins
Twisted Games,By: Elena Lawson,Length: 9 hrs and 49 mins
His Name Is George Floyd,"By: Robert Samuels, Toluse Olorunnipa",Length: 13 hrs and 32 mins
Still Grindin',By: Kendall Banks,Length: 8 hrs and 7 mins
The Netanyahus,By: Joshua Cohen,Length: 8 hrs and 31 mins
The Lioness,By: Chris Bohjalian,Length: 10 hrs and 30 mins
The Locked Door,By: Freida McFadden,Length: 8 hrs and 15 mins
The 14-Day New Keto Cleanse,By: JJ Smith,Length: 3 hrs and 9 mins
The Gap and the Gain,"By: Dan Sullivan, Dr. Benjamin Hardy",Length: 5 hrs and 58 mins
Hidden Pictures,By: Jason Rekulak,Length: 9 hrs and 29 mins
Burn Coast,By: Dale Maharidge,Length: 11 hrs and 14 mins
Anna,By: Amy Odell,Length: 15 hrs and 29 mins
Ali's Well That Ends Well,By: Ali Wentworth,Length: 4 hrs and 1 min
I'll Show Myself Out,By: Jessi Klein,Length: 6 hrs and 51 mins
The Gift of Fear,By: Gavin de Becker,Length: 12 hrs and 50 mins
A Long Way to Fall,By: Elle Spencer,Length: 7 hrs and 58 mins
The Marriage Secret,By: Carey Baldwin,Length: 8 hrs and 37 mins
Divine Collector: The Complete Series,By: Mark Torr,Length: 29 hrs and 34 mins
Something from the Nightside,By: Simon R. Green,Length: 4 hrs and 55 mins
Engineering Home,By: A. American,Length: 12 hrs and 30 mins
Siege and Storm,By: Leigh Bardugo,Length: 11 hrs and 49 mins
Outliers,By: Malcolm Gladwell,Length: 7 hrs and 18 mins
A Night of Flames,By: Matthew Harffy,Length: 18 hrs and 58 mins
Love + Work,By: Marcus Buckingham,Length: 6 hrs and 43 mins
The Girl from the Sea,By: Shalini Boland,Length: 7 hrs and 29 mins
How to Love Yourself,By: Teal Swan,Length: 10 hrs and 14 mins
Nerves of Steele,By: Susan Sleeman,Length: 9 hrs and 20 mins
Dark God’s Avatar,By: I. T. Lucas,Length: 8 hrs and 23 mins
The Investigator,By: John Sandford,Length: 13 hrs and 2 mins
Two Nights in Lisbon,By: Chris Pavone,Length: 14 hrs and 30 mins
Different,By: Frans de Waal,Length: 12 hrs and 55 mins
Endure,By: Cameron Hanes,Length: 7 hrs and 42 mins
Fairy Tale,By: Stephen King,Length: 24 hrs
The Diamond Eye,By: Kate Quinn,Length: 12 hrs and 51 mins
Remarkably Bright Creatures,By: Shelby Van Pelt,Length: 11 hrs and 16 mins
How to Tell a Story,"By: The Moth, Meg Bowles, Catherine Burns, Jenifer Hixson, Sarah Austin Jenness, Kate Tellers, Padma Lakshmi, Chenjerai Kumanyika",Length: 10 hrs and 7 mins
The Change,By: Kirsten Miller,Length: 15 hrs and 25 mins
Sapiens,By: Yuval Noah Harari,Length: 15 hrs and 18 mins
The Alchemist,By: Paulo Coelho,Length: 4 hrs
Born a Crime,By: Trevor Noah,Length: 8 hrs and 44 mins
Hell Gate,By: David Sanchez-Ponton,Length: 12 hrs and 46 mins
Good to Great,By: Jim Collins,Length: 10 hrs and 1 min
The Time Traveler's Wife,By: Audrey Niffenegger,Length: 17 hrs and 38 mins
Pachinko,By: Min Jin Lee,Length: 18 hrs and 16 mins
The Man Without Qualities,By: Robert Musil,Length: 60 hrs and 30 mins
Eyes of the Void,By: Adrian Tchaikovsky,Length: 20 hrs and 45 mins
We Don't Know Ourselves,By: Fintan O'Toole,Length: 22 hrs and 11 mins
Jimmy the King,By: Gus Garcia-Roberts,Length: 16 hrs and 5 mins
[Cu]re Your Fatigue,By: Morley M. Robbins,Length: 10 hrs and 40 mins
Loved,By: Martina Lauchengco,Length: 6 hrs and 56 mins
"The 4-Hour Workweek: Escape 9-5, Live Anywhere, and Join the New Rich (Expanded and Updated)",By: Timothy Ferriss,Length: 13 hrs and 1 min
The Four Agreements,By: don Miguel Ruiz,Length: 2 hrs and 31 mins
Never Split the Difference,By: Chris Voss,Length: 8 hrs and 7 mins
The Sleepwalkers,By: Christopher Clark,Length: 24 hrs and 54 mins
The Fifth Season,By: N. K. Jemisin,Length: 15 hrs and 27 mins
Peopleware,"By: DeMarco Tom, Lister Tim",Length: 7 hrs and 47 mins
The Match,By: Harlan Coben,Length: 10 hrs and 4 mins
The Fallen Ship,"By: Mark Wayne McGinnis, Kim McGinnis",Length: 9 hrs
Drop Acid,By: David Perlmutter MD,Length: 9 hrs and 12 mins
Liarmouth: A Feel-Bad Romance,By: John Waters,Length: 6 hrs and 54 mins
Illogical,By: Emmanuel Acho,Length: 4 hrs and 25 mins
The Power of Conflict,By: Jon Taffer,Length: 6 hrs and 6 mins
Gentle and Lowly,By: Dane C. Ortlund,Length: 5 hrs and 17 mins
Back to the Prairie,"By: Melissa Gilbert, Timothy Busfield",Length: 7 hrs and 2 mins
Gild,By: Raven Kennedy,Length: 9 hrs and 27 mins
Right of Retribution 3,By: William D. Arand,Length: 11 hrs and 51 mins
Muggsy,"By: Tyrone ""Muggsy"" Bogues, Jake Uitti - contributor",Length: 8 hrs and 28 mins
Children of Time,By: Adrian Tchaikovsky,Length: 16 hrs and 31 mins
Zero to One,"By: Peter Thiel, Blake Masters",Length: 4 hrs and 50 mins
Conversations with Friends,By: Sally Rooney,Length: 8 hrs and 21 mins
Grandma Gatewood's Walk,By: Ben Montgomery,Length: 7 hrs and 54 mins
Essentialism,By: Greg McKeown,Length: 6 hrs and 14 mins
"The Silencer Series Box Set, Books 9-12",By: Mike Ryan,Length: 21 hrs and 16 mins
The Song of Achilles,By: Madeline Miller,Length: 11 hrs and 15 mins
Traction,By: Gino Wickman,Length: 6 hrs and 56 mins
Elon Musk,By: Ashlee Vance,Length: 13 hrs and 23 mins
Parks and Provocation,"By: Smartypants Romance, Juliette Cross",Length: 9 hrs and 29 mins
Playing with Myself,By: Randy Rainbow,Length: 7 hrs and 2 mins
Ten Steps to Nanette,By: Hannah Gadsby,Length: 13 hrs and 47 mins
This Rotten World,By: Jacy Morris,Length: 14 hrs and 41 mins
Start with Why,By: Simon Sinek,Length: 7 hrs and 18 mins
The Handmaid's Tale,By: Margaret Atwood,Length: 11 hrs and 1 min
Iron Kingdom,By: Christopher Clark,Length: 28 hrs and 24 mins
Stolen Crush,By: C.M. Stunich,Length: 19 hrs and 23 mins
More than Enough,By: Sloane Kennedy,Length: 8 hrs and 4 mins
Red Rising,By: Pierce Brown,Length: 16 hrs and 12 mins
The Digital Mindset,"By: Paul Leonardi, Tsedal Neeley",Length: 6 hrs and 42 mins
Once upon a K-Prom,By: Kat Cho,Length: 9 hrs and 18 mins
Trailed,By: Kathryn Miles,Length: 9 hrs and 10 mins
Stolen Focus,By: Johann Hari,Length: 10 hrs and 20 mins
The Broken One,By: Brittney Sahin,Length: 13 hrs and 57 mins
Cruel Deception,By: Gregg Olsen,Length: 9 hrs and 32 mins
The YouTube Formula,"By: Derral Eves, ""Mr. Beast"" Jimmy Donaldson - foreword",Length: 10 hrs and 3 mins
PMP Exam Prep 2022-2023,By: Jason Russell,Length: 6 hrs and 30 mins
Sanguine Academy: Volume 2,By: Lowe Key,Length: 10 hrs and 51 mins
21st Century Monetary Policy,By: Ben S. Bernanke,Length: 16 hrs and 4 mins
214 Palmer Street : A completely gripping psychological thriller packed with suspense,By: Karen McQuestion,Length: 8 hrs and 24 mins
Ritual,"By: Damien Echols, Lorri Davis",Length: 3 hrs and 54 mins
Tom Clancy Zero Hour,By: Don Bentley,Length: 12 hrs and 30 mins
Behind the Lights,"By: Helen Smallbone, Lisa Stilwell, Rebecca St. James - foreword, David Smallbone",Length: 5 hrs and 28 mins
Scheme,By: Jeffery Deaver,Length: 1 hr and 56 mins
Strawberried Alive,By: Jenn McKinlay,Length: 6 hrs and 36 mins
The Time Traveler's Guide to Regency Britain,By: Ian Mortimer,Length: 17 hrs and 33 mins
One Foot in the Fade,By: Luke Arnold,Length: 12 hrs and 34 mins
Against All Odds,By: Jeffery H. Haskell,Length: 13 hrs and 7 mins
Name from a Hat Trick,By: L.A. Witt,Length: 11 hrs and 31 mins
A World Undone,By: G. J. Meyer,Length: 27 hrs and 58 mins
The Joy Choice,By: Michelle Segar PhD,Length: 6 hrs and 13 mins
Adam Cam's Savage Wisdom,By: Adam Cam,Length: 1 hr and 49 mins
Domestic Decay 5,By: Anya Merchant,Length: 8 hrs and 28 mins
Why We Sleep,By: Matthew Walker,Length: 13 hrs and 52 mins
The Paris Apartment,By: Lucy Foley,Length: 12 hrs and 25 mins
Prime War,By: Vowron Prime,Length: 16 hrs and 58 mins
Torn Apart,By: Dorothy Roberts,Length: 11 hrs and 49 mins
How to Heal Our Racial Divide,By: Derwin L. Gray,Length: 6 hrs and 52 mins
Out of the Corner,By: Jennifer Grey,Length: 11 hrs and 19 mins
The Power of Crisis,By: Ian Bremmer,Length: 7 hrs and 44 mins
Decoding Madness,By: Richard Lettieri,Length: 11 hrs and 27 mins
Seducing the Sorcerer,By: Lee Welch,Length: 12 hrs and 51 mins
Feathers Floating Through Ember,By: Trinity Dunn,Length: 20 hrs and 34 mins
Blessed,By: Nancy Guthrie,Length: 9 hrs and 23 mins
The Broken Room,By: Peter Clines,Length: 10 hrs and 50 mins
A Cursed Kiss,By: Jenny Hickman,Length: 14 hrs
The Truth and Beauty,By: Andrew Klavan,Length: 6 hrs and 29 mins
Say It Like You Mane It,By: Erin Nicholas,Length: 11 hrs and 33 mins
The Club,By: Ellery Lloyd,Length: 9 hrs and 22 mins
Space Academy Dropouts,"By: C.T. Phipps, Michael Suttkus",Length: 8 hrs and 19 mins
Commune 5,"By: Joshua Gayou, Devon C. Ford",Length: 20 hrs and 43 mins
The Breathing Cure,By: Patrick McKeown,Length: 16 hrs and 29 mins
The Wealth of Connection,By: Vincent Pugliese,Length: 6 hrs and 32 mins
The Wisdom Wheel,By: Alberto Villoldo,Length: 7 hrs and 14 mins
The Bladed Faith,By: David Dalglish,Length: 18 hrs and 47 mins
Take My Hand,By: Dolen Perkins-Valdez,Length: 10 hrs and 57 mins
One Italian Summer,By: Rebecca Serle,Length: 6 hrs and 21 mins
$100M Offers,By: Alex Hormozi,Length: 3 hrs and 48 mins
Black Cake,By: Charmaine Wilkerson,Length: 12 hrs and 2 mins
"You, Happier",By: Daniel Amen,Length: 10 hrs and 23 mins
The City of Ember,By: Jeanne DuPrau,Length: 6 hrs and 50 mins
American Prometheus,"By: Kai Bird, Martin J. Sherwin",Length: 26 hrs and 30 mins
Long Way Down,By: Jason Reynolds,Length: 1 hr and 43 mins
Kristin Lavransdatter,"By: Sigrid Undset, Tiina Nunnally - translator",Length: 45 hrs
A Long Walk to Water,By: Linda Sue Park,Length: 2 hrs and 41 mins
Who,"By: Geoff Smart, Randy Street",Length: 4 hrs and 47 mins
The Thief,By: Megan Whalen Turner,Length: 7 hrs and 41 mins
Island of the Blue Dolphins,By: Scott O'Dell,Length: 3 hrs and 55 mins
The Sixth Extinction,By: Elizabeth Kolbert,Length: 9 hrs and 59 mins
The Curious Incident of the Dog in the Night-Time,By: Mark Haddon,Length: 6 hrs and 2 mins
Reap3r,By: Eliot Peper,Length: 7 hrs and 39 mins
The Ultimate Coach,"By: Amy Hardison, Alan D. Thompson",Length: 11 hrs and 54 mins
The Butterfly Garden,By: Dot Hutchison,Length: 9 hrs and 13 mins
The Watsons Go to Birmingham: 1963,By: Christopher Paul Curtis,Length: 4 hrs and 55 mins
Consciousness and the Brain,By: Stanislas Dehaene,Length: 11 hrs and 17 mins
Universe in Flames Megabox- Ultimate 7-Book Box Set,By: Christian Kallias,Length: 64 hrs and 56 mins
The Convenience Series: Books 1-3,By: Stella Gray,Length: 20 hrs and 3 mins
The Girl Before Me,By: Laura Wolfe,Length: 9 hrs and 29 mins
Winterset Hollow,By: Jonathan Edward Durham,Length: 9 hrs and 1 min
22 Seconds,"By: James Patterson, Maxine Paetro",Length: 8 hrs and 16 mins
Nona the Ninth,By: Tamsyn Muir,Length: 11 hrs and 15 mins
Doctor Scandalous,"By: J. Saman, Julie Saman",Length: 10 hrs and 58 mins
Refuse to Be Done,By: Matt Bell,Length: 3 hrs and 44 mins
Reality+,By: David J. Chalmers,Length: 17 hrs and 12 mins
Fiery (but Mostly Peaceful),By: Julio Rosas,Length: 5 hrs and 27 mins
Dark Angel,"By: Brian Andrews, Jeffrey Wilson",Length: 11 hrs and 10 mins
Bittersweet,By: Susan Cain,Length: 7 hrs and 35 mins
The Trapped Ones,By: Stacy Green,Length: 8 hrs and 19 mins
Phil,By: Alan Shipnuck,Length: 8 hrs and 33 mins
Sweet Mercy,By: K. A. Tucker,Length: 7 hrs and 45 mins
No Red Lights,By: Alan J. Patricof,Length: 8 hrs and 32 mins
How to Win Friends & Influence People,By: Dale Carnegie,Length: 7 hrs and 15 mins
Think and Grow Rich,By: Napoleon Hill,Length: 9 hrs and 35 mins
The Untethered Soul,By: Michael A. Singer,Length: 6 hrs and 11 mins
The Ramona Quimby Audio Collection,"By: Beverly Cleary, Tracy Dockray",Length: 18 hrs and 56 mins
The Secret,By: Rhonda Byrne,Length: 4 hrs and 24 mins
All the Light We Cannot See,By: Anthony Doerr,Length: 16 hrs and 2 mins
Adult Children of Emotionally Immature Parents,By: Lindsay C. Gibson PsyD,Length: 6 hrs and 50 mins
Raising Men,"By: Eric Davis, Dina Santorelli - contributor",Length: 6 hrs and 41 mins
Legends and Lattes,By: Travis Baldree,Length: 6 hrs and 21 mins
All Rhodes Lead Here,By: Mariana Zapata,Length: 16 hrs and 29 mins
Nautical Noobs,By: Ryan Rimmel,Length: 16 hrs and 57 mins
The Sellout,By: Paul Beatty,Length: 9 hrs and 35 mins
This Is How It Always Is,By: Laurie Frankel,Length: 11 hrs
The Road Less Traveled,By: M. Scott Peck M.D.,Length: 4 hrs and 23 mins
Made to Stick,"By: Chip Heath, Dan Heath",Length: 8 hrs and 37 mins
Stuff Matters,By: Mark Miodownik,Length: 6 hrs and 34 mins
Why Does He Do That?,By: Lundy Bancroft,Length: 13 hrs and 32 mins
A Child Called 'It',By: David Pelzer,Length: 3 hrs and 46 mins
The Obstacle Is the Way,By: Ryan Holiday,Length: 6 hrs and 7 mins
The Intelligent Investor Rev Ed.,By: Benjamin Graham,Length: 17 hrs and 48 mins
The Magic of Thinking Big,By: David Schwartz,Length: 9 hrs and 31 mins
The Devil in the White City,By: Erik Larson,Length: 14 hrs and 58 mins
Shoe Dog,By: Phil Knight,Length: 13 hrs and 21 mins
Fahrenheit 451,By: Ray Bradbury,Length: 5 hrs and 1 min
The Adoption,By: Jenna Kernan,Length: 12 hrs and 16 mins
Heroic Hearts,"By: Jim Butcher, Kerrie Hughes",Length: 11 hrs and 50 mins
48 Laws of Power,By: Robert Greene,Length: 23 hrs and 6 mins
Rattle Some Cages,By: Lani Lynn Vale,Length: 6 hrs and 36 mins
The Joy of Reading,"By: Donalyn Miller, Teri Lesesne",Length: 7 hrs and 58 mins
Undisputed Truth,"By: Mike Tyson, Larry Sloman",Length: 20 hrs and 46 mins
Full Catastrophe Living,By: Jon Kabat-Zinn,Length: 5 hrs and 59 mins
Grain Brain,"By: David Perlmutter, Kristin Loberg",Length: 9 hrs and 18 mins
A Crack in Creation,"By: Jennifer A. Doudna, Samuel H. Sternberg",Length: 9 hrs and 22 mins
Rhapsodic,By: Laura Thalassa,Length: 9 hrs and 46 mins
Paladin's Light,"By: Marc Alan Edelheit, Quincy J. Allen",Length: 11 hrs and 20 mins
Gangsters vs. Nazis,By: Michael Benson,Length: 8 hrs and 53 mins
How Rome Fell,By: Adrian Goldsworthy,Length: 18 hrs and 27 mins
Blaine for the Win,By: Robbie Couch,Length: 9 hrs and 6 mins
The Other Einstein,By: Marie Benedict,Length: 8 hrs and 30 mins
El miedo nos hizo fuertes [Fear Made Us Strong],By: Alexis Valdés,Length: 5 hrs and 5 mins
Persians,By: Lloyd Llewellyn-Jones,Length: 18 hrs and 42 mins
Finding Me,By: Viola Davis,Length: 9 hrs and 15 mins
The Wife Between Us,"By: Greer Hendricks, Sarah Pekkanen",Length: 11 hrs and 30 mins
Why Has Nobody Told Me This Before?,By: Julie Smith,Length: 7 hrs and 16 mins
The Candy House,By: Jennifer Egan,Length: 11 hrs and 11 mins
Insomnia,By: Sarah Pinborough,Length: 10 hrs and 9 mins
Shatter Me,By: Tahereh Mafi,Length: 9 hrs and 12 mins
Six of Crows,By: Leigh Bardugo,Length: 15 hrs and 4 mins
How to Be a 3% Man,By: Corey Wayne,Length: 7 hrs and 33 mins
Divergent,By: Veronica Roth,Length: 11 hrs and 11 mins
Rocket Fuel,"By: Gino Wickman, Mark C. Winters",Length: 4 hrs and 26 mins
Turtles All the Way Down,By: John Green,Length: 7 hrs and 12 mins
The Advantage,By: Patrick Lencioni,Length: 5 hrs and 25 mins
Sacred Spaces,By: Susan D. Fay PhD,Length: 5 hrs and 27 mins
The Afterlife,By: Fr. Dolindo Ruotolo,Length: 8 hrs and 39 mins
Diablo Mesa,"By: Douglas Preston, Lincoln Child",Length: 11 hrs and 55 mins
The Groves,By: J.V. Lyon,Length: 7 hrs and 21 mins
Strange New World,"By: Carl R. Trueman, Ryan T. Anderson - foreword",Length: 5 hrs and 14 mins
In Peace Lies Havoc,By: Amo Jones,Length: 10 hrs and 38 mins
The Hitman's Guide to Righting Wrongs While Causing Mayhem,By: Alice Winters,Length: 9 hrs and 43 mins
Eragon,By: Christopher Paolini,Length: 16 hrs and 22 mins
Silent Invasion,By: Deborah Birx,Length: 22 hrs and 3 mins
One True Loves,By: Taylor Jenkins Reid,Length: 8 hrs and 5 mins
Empire of the Summer Moon,By: S. C. Gwynne,Length: 15 hrs and 9 mins
Three Dumb: Wheelin' & Dealin',By: Margaret Lashley,Length: 6 hrs and 39 mins
Glint,By: Raven Kennedy,Length: 11 hrs and 48 mins
Prince Lander and the Dragon War,By: S. D. Smith,Length: 5 hrs and 50 mins
Sanando la herida materna [Healing the Maternal Wound],By: Aura Medina de Wit,Length: 10 hrs and 35 mins
A Sunlit Weapon,By: Jacqueline Winspear,Length: 11 hrs and 11 mins
Still Just a Geek,By: Wil Wheaton,Length: 23 hrs and 51 mins
Covens of Blood,"By: Anna Stephens, Liane Merciel, Jamie Crisalli",Length: 12 hrs and 13 mins
Glucose Revolution,By: Jessie Inchauspe,Length: 6 hrs and 3 mins
How the World Really Works,By: Vaclav Smil,Length: 10 hrs and 7 mins
Plays Well with Others,By: Eric Barker,Length: 6 hrs and 55 mins
Trust,By: Hernan Diaz,Length: 10 hrs and 21 mins
Every Summer After,By: Carley Fortune,Length: 9 hrs and 38 mins
Pitch Anything,By: Oren Klaff,Length: 6 hrs and 14 mins
Reclaiming the Feminine,By: Kimberly Ann Johnson,Length: 6 hrs and 7 mins
Charles Dowding’s No Dig Gardening: Course 1,By: Charles Dowding,Length: 10 hrs and 34 mins
Ruthless Rival,By: L.J. Shen,Length: 10 hrs and 23 mins
All the Lovers in the Night,By: Mieko Kawakami,Length: 7 hrs and 44 mins
The Leopard,"By: Giuseppe di Lampedusa, Archibald Colquhuon - translator",Length: 9 hrs and 36 mins
Body Work,By: Melissa Febos,Length: 3 hrs and 35 mins
Foster the Family,By: Jamie C. Finn,Length: 7 hrs and 18 mins
Last Resort,By: K. Bromberg,Length: 7 hrs and 26 mins
American Royals III: Rivals,By: Katharine McGee,Length: 12 hrs and 32 mins
Tokens and Towers,By: Harmon Cooper,Length: 14 hrs and 30 mins
Fading Shadows,By: Kathleen Brooks,Length: 6 hrs and 54 mins
Unprotected,By: Billy Porter,Length: 12 hrs and 22 mins
Monster Girl Trucker,By: Simon Archer,Length: 7 hrs and 48 mins
25 Lies,By: Vince Everett Ellison,Length: 8 hrs and 19 mins
Starry-Eyed Love,By: Helena Hunting,Length: 8 hrs and 52 mins
Answer to Job,"By: C. G. Jung, R. F. C. Hull - translator",Length: 5 hrs and 9 mins
Dreamland,By: Sam Quinones,Length: 14 hrs and 15 mins
A Brief History of Equality,By: Thomas Piketty,Length: 8 hrs and 43 mins
Incarnate,By: Justin Schuelke,Length: 11 hrs and 57 mins
Surrender,By: Bono,Length: 12 hrs
Why Nations Fail,"By: Daron Acemoglu, James A. Robinson",Length: 17 hrs and 55 mins
Tutoring the Player,By: Rebecca Jenshak,Length: 8 hrs and 30 mins
Putting On Christ: A Road Map for Our Heroic Journey to Spiritual Rebirth and Beyond,By: Steven Anthony Bishop,Length: 24 hrs and 26 mins
The Ravaged,By: Norman Reedus,Length: 8 hrs and 49 mins
A Land So Strange,By: Andres Resendez,Length: 7 hrs and 13 mins
The One and Only Ivan,"By: Katherine Applegate, Patricia Castelao",Length: 3 hrs and 46 mins
How to Raise an Adult,By: Julie Lythcott-Haims,Length: 12 hrs and 31 mins
Open Deeply,By: Kate Loree,Length: 12 hrs and 50 mins
The Golem and the Jinni,By: Helene Wecker,Length: 19 hrs and 42 mins
Amp It Up,By: Frank Slootman,Length: 5 hrs and 35 mins
Anvil Dark,"By: J.N. Chaney, Terry Maggert",Length: 9 hrs and 39 mins
M Is for Mama,By: Abbie Halberstadt,Length: 5 hrs and 7 mins
Nature Wants Us to Be Fat,By: Richard J. Johnson MD,Length: 9 hrs and 24 mins
Bhagavad Gita as It Is,By: A. C. Bhaktivedanta Swami Prabhupäda,Length: 24 hrs and 44 mins
A Clockwork Orange,By: Anthony Burgess,Length: 7 hrs and 44 mins
The Day the World Came to Town,By: Jim DeFede,Length: 6 hrs and 28 mins
The Origins of Totalitarianism,By: Hannah Arendt,Length: 23 hrs and 23 mins
Solve for Happy,By: Mo Gawdat,Length: 11 hrs and 12 mins
The Art of Racing in the Rain,By: Garth Stein,Length: 6 hrs and 56 mins
The Poisonwood Bible,By: Barbara Kingsolver,Length: 15 hrs and 34 mins
American Kingpin,By: Nick Bilton,Length: 12 hrs and 14 mins
Pussy,By: Regena Thomashauer,Length: 9 hrs and 32 mins
Confessions of a Video Vixen,By: Karrine Steffans,Length: 5 hrs and 42 mins
"Don't Sweat the Small Stuff, and It's All Small Stuff",By: Richard Carlson,Length: 4 hrs
The Shack,By: William P. Young,Length: 9 hrs and 15 mins
Yoga of Recovery,"By: Durga Leela, David Frawley - foreword",Length: 9 hrs and 8 mins
Kagen the Damned,By: Jonathan Maberry,Length: 20 hrs and 53 mins
A Thousand Splendid Suns,By: Khaled Hosseini,Length: 11 hrs and 43 mins
1491,By: Charles C. Mann,Length: 16 hrs and 17 mins
Coming Home to Myself,"By: Wynonna Judd, Patsi Bale Cox",Length: 9 hrs and 40 mins
Contagious,By: Jonah Berger,Length: 6 hrs and 50 mins
Scaling Up,By: Verne Harnish,Length: 8 hrs and 49 mins
The Power Broker,By: Robert A. Caro,Length: 66 hrs and 9 mins
With the Old Breed,By: E. B. Sledge,Length: 13 hrs and 58 mins
Starship Troopers,By: Robert A. Heinlein,Length: 9 hrs and 52 mins
Stiff,By: Mary Roach,Length: 8 hrs
Overthinking About You,By: Allison Raskin,Length: 5 hrs and 55 mins
The Sale,"By: Jon Gordon, Alex Demczak",Length: 2 hrs and 9 mins
Lucky Turtle,By: Bill Roorbach,Length: 14 hrs and 29 mins
Flow,By: Mihaly Csikszentmihalyi Ph.D.,Length: 5 hrs and 31 mins
The Big Picture,By: Sean Carroll,Length: 17 hrs and 22 mins
Lean In,By: Sheryl Sandberg,Length: 6 hrs and 27 mins
Team of Teams,"By: Gen. Stanley McChrystal, Tantum Collins, David Silverman, Chris Fussell",Length: 12 hrs and 6 mins
Operation Mincemeat,By: Ben Macintyre,Length: 11 hrs and 18 mins
Predictably Irrational,By: Dan Ariely,Length: 7 hrs and 22 mins
The Keeper of Lost Things,By: Ruth Hogan,Length: 8 hrs and 34 mins
A Tree Grows in Brooklyn,By: Betty Smith,Length: 14 hrs and 55 mins
Feeling Good,By: David D. Burns MD,Length: 13 hrs and 20 mins
So Good They Can't Ignore You,By: Cal Newport,Length: 6 hrs and 28 mins
In Order to Live,By: Yeonmi Park,Length: 9 hrs and 37 mins
How We Love,"By: Milan Yerkovich, Kay Yerkovich",Length: 10 hrs and 56 mins
A Confederacy of Dunces,By: John Kennedy Toole,Length: 13 hrs and 32 mins
Chained Hands,By: T.L. Smith,Length: 5 hrs and 53 mins
Meant to Be,By: Emily Giffin,Length: 11 hrs and 31 mins
The Everything Store,By: Brad Stone,Length: 13 hrs
The Red Tent,By: Anita Diamant,Length: 11 hrs and 50 mins
Kings of the Wyld,By: Nicholas Eames,Length: 17 hrs and 49 mins
Necessary Endings,By: Henry Cloud,Length: 7 hrs and 15 mins
Why Zebras Don't Get Ulcers,By: Robert Sapolsky,Length: 17 hrs and 16 mins
Annihilation,By: Jeff VanderMeer,Length: 6 hrs
Declutter Your Mind,"By: S.J. Scott, Barrie Davenport",Length: 3 hrs and 16 mins
Delivering Happiness,By: Tony Hsieh,Length: 8 hrs and 17 mins
Restart,By: Gordon Korman,Length: 6 hrs and 51 mins
Out of My Mind,By: Sharon M. Draper,Length: 6 hrs and 49 mins
I'm Thinking of Ending Things,By: Iain Reid,Length: 5 hrs and 22 mins
If We Were Villains,By: M. L. Rio,Length: 12 hrs and 50 mins
Superforecasting,"By: Philip Tetlock, Dan Gardner",Length: 9 hrs and 45 mins
Just Kids,By: Patti Smith,Length: 9 hrs and 50 mins
Legend,By: Marie Lu,Length: 7 hrs and 48 mins
The Secrets You Keep,By: Kate White,Length: 10 hrs and 18 mins
The Shadow of the Wind,By: Carlos Ruiz Zafón,Length: 18 hrs and 5 mins
The Happiness Project,By: Gretchen Rubin,Length: 10 hrs and 15 mins
No Easy Day,"By: Mark Owen, Kevin Maurer",Length: 6 hrs and 50 mins
Let My People Go Surfing,"By: Yvon Chouinard, Naomi Klein",Length: 7 hrs and 59 mins
The Smartest Guys in the Room,By: Bethany McLean,Length: 22 hrs and 30 mins
The Bear and the Nightingale,By: Katherine Arden,Length: 11 hrs and 48 mins
Angela's Ashes,"By: Frank McCourt, Jeannette Walls - introduction",Length: 15 hrs and 8 mins
The Four Tendencies,By: Gretchen Rubin,Length: 6 hrs and 37 mins
Why Are All the Black Kids Sitting Together in the Cafeteria?,By: Beverly Daniel Tatum,Length: 13 hrs and 27 mins
Crossing the Chasm,By: Geoffrey A. Moore,Length: 9 hrs and 45 mins
Be Joyful,By: Joyce Meyer,Length: 4 hrs and 25 mins
Ready Player One,By: Ernest Cline,Length: 15 hrs and 40 mins
Leading Change,By: John P. Kotter,Length: 6 hrs and 34 mins
The Emotionally Healthy Leader,By: Peter Scazzero,Length: 10 hrs and 54 mins
Presence,By: Amy Cuddy,Length: 9 hrs and 18 mins
Forrest Gump,By: Winston Groom,Length: 9 hrs and 9 mins
Black Hawk Down,By: Mark Bowden,Length: 15 hrs and 14 mins
Teaching from Rest,By: Sarah Mackenzie,Length: 2 hrs and 39 mins
Maiden to Mother,By: Sarah Durham Wilson,Length: 5 hrs and 54 mins
The Swamp Fox,By: John Oller,Length: 8 hrs and 47 mins
The Couple Next Door,By: Shari Lapena,Length: 8 hrs and 40 mins
The Girl with All the Gifts,By: M. R. Carey,Length: 13 hrs and 4 mins
Single & Secure,By: Rich Wilkerson Jr.,Length: 7 hrs and 39 mins
"Guns, Germs and Steel",By: Jared Diamond,Length: 16 hrs and 20 mins
Deep Work,By: Cal Newport,Length: 7 hrs and 44 mins
Beloved,By: Toni Morrison,Length: 12 hrs and 3 mins
Quiet,By: Susan Cain,Length: 10 hrs and 39 mins
The ONE Thing,"By: Gary Keller, Jay Papasan",Length: 5 hrs and 28 mins
"The First 90 Days, Updated and Expanded",By: Michael Watkins,Length: 6 hrs and 58 mins
They Both Die at the End,By: Adam Silvera,Length: 8 hrs and 30 mins
The Big Leap,By: Gay Hendricks,Length: 5 hrs and 27 mins
The Boys in the Boat,By: Daniel James Brown,Length: 14 hrs and 24 mins
The Giver,By: Lois Lowry,Length: 4 hrs and 49 mins
The First Fifteen Lives of Harry August,By: Claire North,Length: 12 hrs and 10 mins
Year of Yes,By: Shonda Rhimes,Length: 7 hrs and 4 mins
Nonviolent Communication,By: Marshall Rosenberg PhD,Length: 5 hrs and 9 mins
Station Eleven (Television Tie-in),By: Emily St. John Mandel,Length: 10 hrs and 40 mins
The Things They Carried,By: Tim O'Brien,Length: 7 hrs and 47 mins
Bossypants,By: Tina Fey,Length: 5 hrs and 32 mins
A Little Life,By: Hanya Yanagihara,Length: 32 hrs and 51 mins
Hillbilly Elegy,By: J. D. Vance,Length: 6 hrs and 49 mins
The Hard Thing About Hard Things,By: Ben Horowitz,Length: 7 hrs and 57 mins
Gone Girl,By: Gillian Flynn,Length: 19 hrs and 11 mins
The Bell Jar,By: Sylvia Plath,Length: 7 hrs and 24 mins
The Millionaire Fastlane: Crack the Code to Wealth and Live Rich for a Lifetime,By: MJ DeMarco,Length: 12 hrs and 46 mins
Scythe,By: Neal Shusterman,Length: 10 hrs and 32 mins
Being Mortal,By: Atul Gawande,Length: 9 hrs and 3 mins
When Breath Becomes Air,"By: Paul Kalanithi, Abraham Verghese - foreword",Length: 5 hrs and 35 mins
The Kite Runner,By: Khaled Hosseini,Length: 12 hrs and 1 min
Based on a True Story,By: Norm Macdonald,Length: 7 hrs and 18 mins
Freakonomics,"By: Steven D. Levitt, Stephen J. Dubner",Length: 7 hrs and 51 mins
Of Mice and Men,By: John Steinbeck,Length: 3 hrs and 11 mins
The Creature from Jekyll Island,By: G. Edward Griffin,Length: 24 hrs and 21 mins
A Wrinkle in Time,By: Madeleine L'Engle,Length: 6 hrs and 27 mins
Howl's Moving Castle,By: Diana Wynne Jones,Length: 8 hrs and 34 mins
The Phoenix Project,"By: Gene Kim, Kevin Behr, George Spafford",Length: 14 hrs and 46 mins
"Eat, Pray, Love",By: Elizabeth Gilbert,Length: 12 hrs and 49 mins
Journey of Souls,By: Michael Newton,Length: 11 hrs and 18 mins
Catch-22,By: Joseph Heller,Length: 19 hrs and 58 mins
The Gene,By: Siddhartha Mukherjee,Length: 19 hrs and 22 mins
The Life-Changing Magic of Tidying Up,By: Marie Kondo,Length: 4 hrs and 50 mins
Autobiography of a Yogi,By: Paramahansa Yogananda,Length: 17 hrs and 50 mins
Neuromancer,By: William Gibson,Length: 10 hrs and 31 mins
"Multipliers, Revised and Updated","By: Liz Wiseman, Stephen Covey - foreword",Length: 11 hrs and 24 mins
The Glass Castle,By: Jeannette Walls,Length: 10 hrs and 25 mins
Orphan Train,By: Christina Baker Kline,Length: 8 hrs and 21 mins
Drive,By: Daniel H. Pink,Length: 5 hrs and 53 mins
The Goldfinch,By: Donna Tartt,Length: 32 hrs and 24 mins
Between the World and Me,By: Ta-Nehisi Coates,Length: 3 hrs and 35 mins
A Return to Love,By: Marianne Williamson,Length: 2 hrs and 40 mins
The Road,By: Cormac McCarthy,Length: 6 hrs and 39 mins
The Girl with the Dragon Tattoo,"By: Stieg Larsson, Reg Keeland - translator",Length: 16 hrs and 19 mins
The New One Minute Manager,"By: Ken Blanchard, Spencer Johnson",Length: 1 hr and 27 mins
Rejection Proof,By: Jia Jiang,Length: 6 hrs and 28 mins
Sharp Objects,By: Gillian Flynn,Length: 9 hrs and 34 mins
The New Jim Crow,By: Michelle Alexander,Length: 16 hrs and 57 mins
Their Eyes Were Watching God,By: Zora Neale Hurston,Length: 6 hrs and 44 mins
A Life in Parts,By: Bryan Cranston,Length: 8 hrs and 53 mins
Holes,By: Louis Sachar,Length: 4 hrs and 30 mins
Empty Mansions,"By: Bill Dedman, Paul Clark Newell Jr.",Length: 13 hrs and 34 mins
The Checklist Manifesto,By: Atul Gawande,Length: 6 hrs and 9 mins
The Immortal Life of Henrietta Lacks,By: Rebecca Skloot,Length: 12 hrs and 30 mins
The Power of Moments,"By: Chip Heath, Dan Heath",Length: 6 hrs and 24 mins
The Essex Serpent,By: Sarah Perry,Length: 14 hrs and 44 mins
"Creativity, Inc.","By: Ed Catmull, Amy Wallace",Length: 12 hrs and 52 mins
American Psycho,By: Bret Easton Ellis,Length: 16 hrs and 29 mins
Oh Crap! Potty Training,By: Jamie Glowacki,Length: 8 hrs and 4 mins
Red Queen,By: Victoria Aveyard,Length: 12 hrs and 39 mins
A Brief History of Time,By: Stephen Hawking,Length: 5 hrs and 46 mins
Behind Her Eyes,By: Sarah Pinborough,Length: 11 hrs and 29 mins
Take Me,By: CD Reiss,Length: 6 hrs and 51 mins
The Woman in Cabin 10,By: Ruth Ware,Length: 11 hrs and 16 mins
The Summer Place,By: Jennifer Weiner,Length: 14 hrs and 19 mins
8 Secrets to Powerful Manifesting,By: Mandy Morris,Length: 6 hrs and 44 mins
It Could Happen Here,By: Jonathan Greenblatt,Length: 8 hrs and 34 mins
The New Neighbor,By: Carter Wilson,Length: 9 hrs and 22 mins
The Left Hand of Darkness,By: Ursula K. Le Guin,Length: 9 hrs and 39 mins
Of Darkness and Light,By: Ryan Cahill,Length: 23 hrs and 44 mins
Infinite Jest,By: David Foster Wallace,Length: 56 hrs and 12 mins
Just Mercy (Movie Tie-In Edition),By: Bryan Stevenson,Length: 11 hrs and 11 mins
"Again, Rachel",By: Marian Keyes,Length: 17 hrs and 3 mins
The One That Got Away,By: Nicky James,Length: 12 hrs and 34 mins
Between Kings,By: W.R. Gingell,Length: 8 hrs and 29 mins
Fly Girl,By: Ann Hood,Length: 8 hrs and 11 mins
Switch,"By: Dan Heath, Chip Heath",Length: 7 hrs and 43 mins
What Every BODY Is Saying,"By: Joe Navarro, Marvin Karlins",Length: 7 hrs and 19 mins
Hunter's Shadow,By: Victoria Sue,Length: 5 hrs and 28 mins
Untainted,By: Lilian T. James,Length: 8 hrs and 26 mins
Lyrics of a Small Town,By: Abbi Glines,Length: 8 hrs and 10 mins
Hidden Games,"By: Erez Yoeli, Moshe Hoffman",Length: 10 hrs and 41 mins
EMP Catastrophe: The Complete Series,By: Grace Hamilton,Length: 24 hrs and 42 mins
Klutz: Phoenix Secrets,By: Sedona Ashe,Length: 4 hrs and 52 mins
The Art of Seduction,By: Robert Greene,Length: 5 hrs and 9 mins
The Simple Path to Wealth,By: JL Collins,Length: 6 hrs and 38 mins
Beneath a Scarlet Sky,By: Mark Sullivan,Length: 17 hrs and 43 mins
The Last Mrs. Parrish,By: Liv Constantine,Length: 12 hrs
The Hating Game,By: Sally Thorne,Length: 11 hrs and 29 mins
The Hidden Life of Trees,By: Peter Wohlleben,Length: 7 hrs and 33 mins
The Color of Law,By: Richard Rothstein,Length: 9 hrs and 32 mins
Mecca,By: Susan Straight,Length: 12 hrs and 46 mins
Vigil Harbor,By: Julia Glass,Length: 17 hrs and 9 mins
Sustain Your Game,"By: Alan Stein, Jon Sternfeld, Rece Davis - foreword",Length: 8 hrs and 26 mins
The Night They Vanished,By: Vanessa Savage,Length: 12 hrs and 8 mins
"The False Hero, Box Set 1",By: Michael Plymel,Length: 22 hrs and 37 mins
Manufacturing Consent,"By: Edward S. Herman, Noam Chomsky",Length: 15 hrs and 24 mins
I Am Legend,By: Richard Matheson,Length: 5 hrs and 20 mins
Red Dragon,By: Thomas Harris,Length: 12 hrs and 6 mins
Story,By: Robert McKee,Length: 6 hrs and 12 mins
I Am Malala,"By: Malala Yousafzai, Christina Lamb - contributor",Length: 9 hrs and 55 mins
Pre-Suasion,By: Robert B. Cialdini,Length: 9 hrs and 24 mins
A New Earth,By: Eckhart Tolle,Length: 9 hrs and 12 mins
All About Me!,By: Mel Brooks,Length: 15 hrs and 6 mins
The Vincula Insurgency: Ghost Dossier 1,By: Dan Abnett,Length: 6 hrs and 7 mins
Emperor,By: Anna Hackett,Length: 7 hrs and 5 mins
After Trauma,By: Ali W. Rothrock,Length: 5 hrs and 37 mins
Debt - Updated and Expanded,By: David Graeber,Length: 17 hrs and 48 mins
The Book Thief,By: Markus Zusak,Length: 13 hrs and 56 mins
How Not to Die,"By: Michael Greger MD, Gene Stone",Length: 17 hrs and 9 mins
Shogun,By: James Clavell,Length: 53 hrs and 33 mins
Secrets of the Millionaire Mind,By: T. Harv Eker,Length: 5 hrs and 10 mins
Getting to Yes,"By: Roger Fisher, William Ury",Length: 6 hrs and 17 mins
Psycho-Cybernetics,By: Maxwell Maltz,Length: 12 hrs and 16 mins
The Coaching Habit,By: Michael Bungay Stanier,Length: 3 hrs and 3 mins
Unbroken,By: Laura Hillenbrand,Length: 13 hrs and 56 mins
The Lean Startup,By: Eric Ries,Length: 8 hrs and 38 mins
The Prince,By: Niccolo Machiavelli,Length: 4 hrs and 47 mins
The Old Man and the Sea,By: Ernest Hemingway,Length: 2 hrs and 28 mins
Antifragile,By: Nassim Nicholas Taleb,Length: 16 hrs and 14 mins
Loving What Is,"By: Byron Katie, Stephen Mitchell",Length: 9 hrs and 7 mins
The Happiness Advantage,By: Shawn Achor,Length: 7 hrs and 19 mins
Fear and Loathing in Las Vegas,By: Hunter S. Thompson,Length: 6 hrs
The Road Back to You,"By: Ian Morgan Cron, Suzanne Stabile",Length: 9 hrs and 17 mins
Homegoing,By: Yaa Gyasi,Length: 13 hrs and 11 mins
13 Things Mentally Strong People Don't Do,By: Amy Morin,Length: 6 hrs and 36 mins
Wild,By: Cheryl Strayed,Length: 13 hrs and 2 mins
Tribe,By: Sebastian Junger,Length: 2 hrs and 59 mins
"Lennon, Dylan, Alice and Jesus",By: Greg Laurie,Length: 5 hrs and 22 mins
The Confession Duet: Boxed Set,By: KD Robichaux,Length: 12 hrs and 27 mins
Nikolai,By: Shandi Boyes,Length: 5 hrs and 51 mins
All the Secrets of the World,By: Steve Almond,Length: 13 hrs and 10 mins
Not All Diamonds and Rosé,By: Dave Quinn,Length: 20 hrs and 30 mins
The Happiness Trap,By: Russ Harris,Length: 12 hrs and 19 mins
Elite Sales Strategies,By: Anthony Iannarino,Length: 6 hrs and 48 mins
Jinx,By: Marie James,Length: 7 hrs and 7 mins
Born in Blackness,By: Howard W. French,Length: 16 hrs and 49 mins
A Ruin of Roses,By: K.F. Breene,Length: 8 hrs and 46 mins
Rich as F*ck,By: Amanda Frances,Length: 6 hrs and 45 mins
The Spanish Love Deception,By: Elena Armas,Length: 14 hrs and 32 mins
Ruthless Prince,"By: Roxie Ray, Lindsey Devin",Length: 9 hrs and 15 mins
"So I'm a Spider, So What?, Vol. 1 (Light Novel)","By: Okina Baba, Tsukasa Kiryu - illustrator",Length: 8 hrs and 47 mins
Garden of Secrets,By: Suzanne Kelman,Length: 12 hrs and 18 mins
Human Insanity,By: KamikazePotato,Length: 17 hrs and 6 mins
Profit First,By: Mike Michalowicz,Length: 8 hrs and 35 mins
Punk 57,By: Penelope Douglas,Length: 10 hrs and 7 mins
Throne of Light,By: Guy Haley,Length: 13 hrs and 54 mins
"Change Your Paradigm, Change Your Life",By: Bob Proctor,Length: 5 hrs and 20 mins
NMLS Safe Act Exam Study Guide - Complete Test Prep for Mortgage Loan Originators,By: KNG Education,Length: 7 hrs and 9 mins
"Sis, Don't Settle",By: Faith Jenkins,Length: 8 hrs and 20 mins
The Druid,By: Jeff Wheeler,Length: 9 hrs and 4 mins
Will,"By: Will Smith, Mark Manson",Length: 16 hrs and 16 mins
The World’s Worst Pets,By: David Walliams,Length: 3 hrs and 38 mins
"Short-Term Rental, Long-Term Wealth",By: Avery Carl,Length: 4 hrs and 31 mins
A Family Affair,By: Robyn Carr,Length: 8 hrs and 55 mins
Our Unfinished March,"By: Eric Holder, Sam Koppelman",Length: 6 hrs and 18 mins
The Murder of Mr. Wickham,By: Claudia Gray,Length: 12 hrs and 3 mins
Super Gut,By: William Davis MD,Length: 8 hrs and 22 mins
The Earned Life,"By: Marshall Goldsmith, Mark Reiter",Length: 8 hrs and 23 mins
Code over Country,By: Matthew Cole,Length: 12 hrs and 10 mins
The Lost Journals,By: Mark Tufo,Length: 12 hrs
East of Eden,By: John Steinbeck,Length: 25 hrs and 23 mins
The Assignment,By: Penelope Ward,Length: 8 hrs and 38 mins
Blood and Thunder,By: Hampton Sides,Length: 20 hrs and 56 mins
Legacy,By: James Kerr,Length: 5 hrs and 33 mins
The Heart's Invisible Furies,By: John Boyne,Length: 21 hrs and 10 mins
Rendezvous with Rama,By: Arthur C. Clarke,Length: 9 hrs and 4 mins
Mrs. Frisby and the Rats of NIMH,By: Robert O’Brien,Length: 6 hrs and 13 mins
Total Recall,By: Arnold Schwarzenegger,Length: 23 hrs and 21 mins
Esperanza Rising,By: Pam Munoz Ryan,Length: 4 hrs and 42 mins
Setting the Table,By: Danny Meyer,Length: 5 hrs and 33 mins
Undistracted,By: Bob Goff,Length: 6 hrs and 1 min
Mafia War,By: L. Steele,Length: 7 hrs and 58 mins
The Captive Heart,By: Bertrice Small,Length: 13 hrs and 12 mins
Build,By: Tony Fadell,Length: 11 hrs and 5 mins
My Brilliant Friend,By: Elena Ferrante,Length: 12 hrs and 38 mins
SHIFT,"By: Gary Keller, Dave Jenks, Jay Papasan",Length: 8 hrs and 8 mins
Man's Search for Meaning,By: Viktor E. Frankl,Length: 4 hrs and 44 mins
The Selection,By: Kiera Cass,Length: 8 hrs and 7 mins
F the Shoulds. Do the Wants,By: Tricia Huffman,Length: 8 hrs and 33 mins
How Music Works,By: David Byrne,Length: 13 hrs and 10 mins
Manhunt,By: Gretchen Felker-Martin,Length: 10 hrs and 37 mins
Ocean State,By: Stewart O'Nan,Length: 5 hrs and 45 mins
Seen and Unseen,"By: Marc Lamont Hill, Todd Brewster",Length: 6 hrs and 9 mins
Playmakers,By: Mike Florio,Length: 12 hrs and 12 mins
Rezoom,"By: Susan Peirce Thompson PhD, Everett Considine",Length: 9 hrs and 58 mins
Sandy Hook,By: Elizabeth Williamson,Length: 16 hrs and 12 mins
Stolen Focus,By: Johann Hari,Length: 10 hrs and 12 mins
The Trials of Harry S. Truman,By: Jeffrey Frank,Length: 17 hrs and 3 mins
Red Bounty,"By: J.N. Chaney, Terry Maggert",Length: 9 hrs and 3 mins
The Doctor’s Daughter,By: Shari J. Ryan,Length: 10 hrs and 21 mins
Ancestor Trouble,By: Maud Newton,Length: 11 hrs and 14 mins
The Family Chao,By: Lan Samantha Chang,Length: 10 hrs and 57 mins
Trick,By: Laramie Briscoe,Length: 8 hrs and 27 mins
The Rise and Fall of the Third Reich,By: William L. Shirer,Length: 57 hrs and 11 mins
Algorithms to Live By,"By: Brian Christian, Tom Griffiths",Length: 11 hrs and 50 mins
Wool,By: Hugh Howey,Length: 17 hrs and 43 mins
Trump: The Art of the Deal,"By: Donald J. Trump, Tony Schwartz",Length: 9 hrs and 59 mins
Lone Survivor,"By: Marcus Luttrell, Patrick Robinson",Length: 14 hrs and 17 mins
Blade Runner,By: Philip K. Dick,Length: 9 hrs and 12 mins
Rotten to the Core,By: T E Kinsey,Length: 8 hrs and 46 mins
Doctor Heartless,By: J. Saman,Length: 9 hrs and 19 mins
A Fox's Love,By: Brandon Varnell,Length: 7 hrs and 16 mins
Those Three Little Words,By: Meghan Quinn,Length: 14 hrs and 19 mins
The Crucifixion of the King of Glory: The Amazing History and Sublime Mystery of the Passion,By: Eugenia Scarvelis Constantinou PhD,Length: 15 hrs and 50 mins
I Am Not Your Perfect Mexican Daughter,By: Erika L. Sánchez,Length: 9 hrs and 41 mins
The God Delusion,By: Richard Dawkins,Length: 13 hrs and 52 mins
The Last White Rose,By: Alison Weir,Length: 19 hrs and 50 mins
Beauty and the Baller,By: Ilsa Madden-Mills,Length: 10 hrs and 10 mins
On Tyranny (Expanded Audio Edition),By: Timothy Snyder,Length: 9 hrs and 45 mins
A Spy in Plain Sight,By: Lis Wiehl,Length: 9 hrs and 36 mins
The Fault in Our Stars,By: John Green,Length: 7 hrs and 11 mins
Post-Traumatic,By: Chantal V. Johnson,Length: 8 hrs and 18 mins
Lies in Bone,By: Natalie Symons,Length: 10 hrs and 38 mins
Grilling Dahmer,"By: Patrick Kennedy, Robyn Maharaj",Length: 10 hrs and 22 mins
It's Good to Be a Man,"By: Michael Foster, Dominic Bnonn Tennant",Length: 4 hrs and 57 mins
La historia que te cuentas [The Story You Tell Yourself],By: Paola Herrera,Length: 6 hrs and 49 mins
Off the Edge,By: Kelly Weill,Length: 7 hrs and 13 mins
The Magicians,By: Lev Grossman,Length: 17 hrs and 24 mins
Off to Be the Wizard,By: Scott Meyer,Length: 10 hrs and 45 mins
The Art of Thinking Clearly,By: Rolf Dobelli,Length: 7 hrs and 49 mins
The $100 Startup,By: Chris Guillebeau,Length: 8 hrs and 14 mins
The Circle Maker,By: Mark Batterson,Length: 7 hrs and 35 mins
Mountains Beyond Mountains,By: Tracy Kidder,Length: 10 hrs and 50 mins
Evicted,By: Matthew Desmond,Length: 11 hrs and 3 mins
Big Rock,By: Lauren Blakely,Length: 6 hrs and 5 mins
The Method,By: Isaac Butler,Length: 14 hrs and 34 mins
The Men We Need,By: Brant Hansen,Length: 5 hrs and 3 mins
"I'd Like to Play Alone, Please",By: Tom Segura,Length: 6 hrs and 4 mins
The Mothers and Daughters of the Bible Speak,By: Shannon Bream,Length: 7 hrs and 18 mins
"In Emergency, Break Glass",By: Nate Anderson,Length: 5 hrs and 33 mins
Stillhouse Lake,By: Rachel Caine,Length: 10 hrs and 4 mins
It Can't Happen Here,By: Sinclair Lewis,Length: 14 hrs and 28 mins
A Rising Man,By: Abir Mukherjee,Length: 11 hrs and 37 mins
The Perfect Storm,By: Sebastian Junger,Length: 9 hrs and 25 mins
The Tale of Despereaux,By: Kate DiCamillo,Length: 3 hrs and 30 mins
How to Begin,By: Michael Bungay Stanier,Length: 3 hrs and 12 mins
The Counterfeit Climax,"By: Dave Willis, Ashley Willis",Length: 3 hrs and 46 mins
Fair Catch,By: Kandi Steiner,Length: 8 hrs and 43 mins
Free Fall,By: Sara Cate,Length: 9 hrs and 16 mins
The Family Holiday,By: Shalini Boland,Length: 7 hrs and 36 mins
Dark State,By: Jack Slater,Length: 11 hrs and 30 mins
The Potter,By: Kristy Marie,Length: 8 hrs and 6 mins
The Hotel Nantucket,By: Elin Hilderbrand,Length: 12 hrs and 27 mins
After Steve,By: Tripp Mickle,Length: 14 hrs and 42 mins
Wildwood Whispers,By: Willa Reece,Length: 12 hrs and 47 mins
The Good Left Undone,By: Adriana Trigiani,Length: 13 hrs and 19 mins
How to Be Perfect,By: Michael Schur,Length: 9 hrs and 13 mins
Mind Gym,"By: Gary Mack, David Casstevens",Length: 5 hrs and 27 mins
"First, Break All the Rules","By: Marcus Buckingham, Gallup Press, Jim Harter - foreword",Length: 9 hrs and 51 mins
Stories of Your Life and Others,By: Ted Chiang,Length: 10 hrs and 23 mins
Far Journeys,By: Robert Monroe,Length: 10 hrs and 27 mins
Stealing Fire,"By: Steven Kotler, Jamie Wheal",Length: 8 hrs and 24 mins
The Cost of Discipleship,By: Dietrich Bonhoeffer,Length: 9 hrs
The Cartographers,By: Peng Shepherd,Length: 14 hrs and 15 mins
When Women Were Dragons,By: Kelly Barnhill,Length: 15 hrs and 29 mins
Here Goes Nothing,By: Steve Toltz,Length: 10 hrs
Contact,By: Carl Sagan,Length: 14 hrs and 45 mins
"Keep the Memories, Lose the Stuff","By: Matt Paxton, Jordan Michael Smith - contributor",Length: 5 hrs and 12 mins
Murder on Madison Square,By: Victoria Thompson,Length: 10 hrs and 9 mins
Not Drinking Tonight,By: Amanda E. White LPC,Length: 6 hrs and 42 mins
The War of Two Queens,By: Jennifer L. Armentrout,Length: 26 hrs and 38 mins
Perfect Strangers,By: J.T. Geissinger,Length: 10 hrs and 41 mins
Emotional Self Care for Black Women,By: B. True,Length: 3 hrs and 48 mins
Woman on Fire,By: Lisa Barr,Length: 12 hrs and 59 mins
The Unknown Beloved,By: Amy Harmon,Length: 14 hrs and 55 mins
How to Prevent the Next Pandemic,By: Bill Gates,Length: 8 hrs and 37 mins
Love That Story,By: Jonathan Van Ness,Length: 5 hrs and 44 mins
Managing Expectations,By: Minnie Driver,Length: 6 hrs and 48 mins
Radically Content,By: Jamie Varon,Length: 5 hrs and 36 mins
A Greene Family Vacation,By: Piper Rayne,Length: 2 hrs and 3 mins
The Memory Librarian,By: Janelle Monáe,Length: 12 hrs and 11 mins
Faithfully Different,By: Natasha Crain,Length: 7 hrs and 12 mins
Knowing God,By: J. I. Packer,Length: 10 hrs
The Haunting of Hill House,By: Shirley Jackson,Length: 7 hrs and 27 mins
The Emperor of All Maladies,By: Siddhartha Mukherjee,Length: 22 hrs and 18 mins
Life 3.0,By: Max Tegmark,Length: 13 hrs and 29 mins
Welfare Grind Part 3,By: Kendall Banks,Length: 7 hrs and 4 mins
Designing Your Life,"By: Bill Burnett, Dave Evans",Length: 6 hrs and 18 mins
Long Walk to Freedom,By: Nelson Mandela,Length: 27 hrs and 39 mins
What Got You Here Won't Get You There,"By: Marshall Goldsmith, Mark Reiter",Length: 9 hrs and 39 mins
The House on Mango Street,By: Sandra Cisneros,Length: 2 hrs and 18 mins
The Player of Games,By: Iain M. Banks,Length: 11 hrs and 25 mins
An Emperor's Gamble,By: J.D.L. Rosell,Length: 15 hrs and 7 mins
Reframing Organizations (7th Edition),"By: Lee G. Bolman, Terrence E. Deal",Length: 20 hrs and 44 mins
The Real Anthony Fauci,By: Robert F. Kennedy Jr.,Length: 27 hrs and 20 mins
A Bridge Too Far,By: Cornelius Ryan,Length: 18 hrs and 11 mins
Origin,By: Jennifer Raff,Length: 9 hrs and 12 mins
A History of Wild Places,By: Shea Ernshaw,Length: 11 hrs and 59 mins
Better than Happy,By: Jody Moore,Length: 8 hrs and 59 mins
The Riven Wyrde Saga (Omnibus Edition),By: Graham Austin-King,Length: 46 hrs and 10 mins
The Rise of Chess,By: Kit Falbo,Length: 11 hrs and 13 mins
Ruthless Creatures,By: J.T. Geissinger,Length: 10 hrs and 25 mins
Titan,By: Ron Chernow,Length: 35 hrs and 3 mins
Imagine Heaven,By: John Burke,Length: 10 hrs and 30 mins
The Six Pillars of Self-Esteem,By: Dr. Nathaniel Branden,Length: 3 hrs and 23 mins
The Choice,By: Dr. Edith Eva Eger,Length: 12 hrs and 26 mins
The Mists of Avalon,By: Marion Zimmer Bradley,Length: 50 hrs and 53 mins
The Trickster's Tale,By: J Pal,Length: 12 hrs and 6 mins
A Deal with the Elf King,By: Elise Kova,Length: 11 hrs and 47 mins
"The DevOps Handbook, Second Edition","By: Gene Kim, Jez Humble, Patrick Debois, John Willis, Nicole Forsgren",Length: 15 hrs and 51 mins
Trillion Dollar Triage,By: Nick Timiraos,Length: 12 hrs and 33 mins
The Darkest Temptation,By: Danielle Lori,Length: 15 hrs and 33 mins
The Dancer and the Devil,"By: John E. O’Neill, Sarah C. Wynne",Length: 7 hrs and 11 mins
Corporate Rock Sucks,By: Jim Ruland,Length: 13 hrs and 54 mins
The Forsaken King,By: Penelope Barsetti,Length: 10 hrs
Hearts Touched with Fire,By: David Gergen,Length: 9 hrs and 54 mins
Left on Tenth,By: Delia Ephron,Length: 7 hrs and 39 mins
This Is How Your Marriage Ends,By: Matthew Fray,Length: 9 hrs and 15 mins
Burn Rate,By: Andy Dunn,Length: 8 hrs and 26 mins
The No-Show,By: Beth O'Leary,Length: 10 hrs and 47 mins
Honor,By: Thrity Umrigar,Length: 11 hrs and 19 mins
The Truth About Crypto,By: Ric Edelman,Length: 8 hrs and 4 mins
The Longing of Lone Wolves,By: Lana Pecherczyk,Length: 10 hrs and 27 mins
Dead Drop,By: Tate James,Length: 11 hrs and 3 mins
The Making of the Atomic Bomb,By: Richard Rhodes,Length: 37 hrs and 16 mins
The Exorcist,By: William Peter Blatty,Length: 12 hrs and 51 mins
Imbalance,"By: R. L. Caulder, M. Sinclair",Length: 7 hrs and 24 mins
Founder Brand,By: Dave Gerhardt,Length: 3 hrs and 27 mins
With Prejudice,By: Robin Peguero,Length: 9 hrs and 55 mins
Irresistible Omegas Volume Three,By: Nora Phoenix,Length: 35 hrs and 40 mins
The Art of Happiness,"By: His Holiness the Dalai Lama, Howard C. Cutler MD",Length: 3 hrs and 18 mins
Kindred,By: Octavia E. Butler,Length: 10 hrs and 55 mins
The Great Gatsby,By: F. Scott Fitzgerald,Length: 4 hrs and 49 mins
The E-Myth Revisited,By: Michael E. Gerber,Length: 8 hrs and 5 mins
Alexander Hamilton,By: Ron Chernow,Length: 35 hrs and 58 mins
Getting Things Done,By: David Allen,Length: 10 hrs and 23 mins
Undaunted Courage,By: Stephen E. Ambrose,Length: 21 hrs and 40 mins
The Outsiders,By: S. E. Hinton,Length: 5 hrs and 8 mins
The Energy Bus,By: Jon Gordon,Length: 2 hrs and 39 mins
Hatchet,By: Gary Paulsen,Length: 3 hrs and 42 mins
Self-Compassion,By: Kristin Neff,Length: 8 hrs and 59 mins
Genghis Khan and the Making of the Modern World,By: Jack Weatherford,Length: 14 hrs and 20 mins
The Goal,"By: Eliyahu M. Goldratt, Jeff Cox",Length: 11 hrs and 45 mins
Matilda,By: Roald Dahl,Length: 4 hrs and 18 mins
Captivate,By: Vanessa Van Edwards,Length: 7 hrs and 28 mins
The Greatest Salesman in the World,By: Og Mandino,Length: 2 hrs and 33 mins
Napoleon,By: Andrew Roberts,Length: 32 hrs and 56 mins
The Game,By: Neil Strauss,Length: 9 hrs and 27 mins
The Operator,By: Robert O'Neill,Length: 9 hrs and 42 mins
Shantaram,By: Gregory David Roberts,Length: 42 hrs and 59 mins
The Celestine Prophecy,By: James Redfield,Length: 8 hrs and 27 mins
Fervent,By: Priscilla Shirer,Length: 4 hrs and 25 mins
The Chemist,By: Stephenie Meyer,Length: 17 hrs and 1 min
On the Road,By: Jack Kerouac,Length: 11 hrs and 8 mins
The Case Files of Aldicus Vescard,By: Mark William Chase,Length: 21 hrs and 17 mins
The Right,By: Matthew Continetti,Length: 14 hrs and 5 mins
Not My Father's Son: A Memoir,By: Alan Cumming,Length: 6 hrs and 28 mins
Kiwi,"By: Crystal Daniels, Sandy Alvarez",Length: 7 hrs and 1 min
The Bogle Effect,By: Eric Balchunas,Length: 10 hrs and 33 mins
The Dark Queens,By: Shelley Puhak,Length: 10 hrs and 50 mins
What My Bones Know,By: Stephanie Foo,Length: 10 hrs and 2 mins
Memphis,By: Tara M. Stringfellow,Length: 9 hrs and 23 mins
Cues,By: Vanessa Van Edwards,Length: 8 hrs and 1 min
He Said Together,By: Ruth Cardello,Length: 7 hrs
The Underground Railroad (Television Tie-in),By: Colson Whitehead,Length: 10 hrs and 43 mins
The Monk Who Sold His Ferrari,By: Robin Sharma,Length: 6 hrs and 34 mins
The Yearling,By: Marjorie Kinnan Rawlings,Length: 13 hrs and 58 mins
Berserker Bounty Hunter,By: Roland Carlsson,Length: 10 hrs and 3 mins
Band of Brothers,By: Stephen E. Ambrose,Length: 12 hrs and 37 mins
Under a Sky of Memories,By: Soraya M. Lane,Length: 10 hrs and 6 mins
The Intersectional Environmentalist,By: Leah Thomas,Length: 4 hrs and 1 min
Coach K,By: Ian O'Connor,Length: 16 hrs and 3 mins
How Civil Wars Start,By: Barbara F. Walter,Length: 7 hrs and 17 mins
The Triumph of Saint Katherine,By: Danie Ware,Length: 6 hrs and 39 mins
One Second After,By: William R. Forstchen,Length: 13 hrs and 17 mins
Slaughterhouse-Five,By: Kurt Vonnegut,Length: 5 hrs and 13 mins
Red Notice,By: Bill Browder,Length: 14 hrs and 7 mins
The Blade Itself,By: Joe Abercrombie,Length: 22 hrs and 15 mins
The Hero with a Thousand Faces,By: Joseph Campbell,Length: 14 hrs and 37 mins
I Know Why the Caged Bird Sings,By: Maya Angelou,Length: 10 hrs and 11 mins
Paddle Your Own Canoe,By: Nick Offerman,Length: 10 hrs and 50 mins
The Ideal Team Player,By: Patrick M. Lencioni,Length: 5 hrs and 3 mins
Fanatical Prospecting,By: Jeb Blount,Length: 8 hrs and 21 mins
"The Go-Giver, Expanded Edition","By: Bob Burg, John David Mann",Length: 2 hrs and 54 mins
Night,By: Elie Wiesel,Length: 4 hrs and 17 mins
The Good Girl,By: Mary Kubica,Length: 10 hrs and 38 mins
Charlotte's Web,By: E. B. White,Length: 3 hrs and 34 mins
Slow Horses,By: Mick Herron,Length: 10 hrs and 46 mins
Wild at Heart,By: John Eldredge,Length: 8 hrs and 20 mins
Grant,By: Ron Chernow,Length: 48 hrs and 2 mins
The Maze Runner,By: James Dashner,Length: 10 hrs and 50 mins
Little Fires Everywhere,By: Celeste Ng,Length: 11 hrs and 27 mins
Falling Upward,By: Richard Rohr,Length: 6 hrs and 27 mins
The Universe Has Your Back,By: Gabrielle Bernstein,Length: 4 hrs and 30 mins
A Wizard of Earthsea,By: Ursula K. Le Guin,Length: 7 hrs and 17 mins
The Deal,By: Elle Kennedy,Length: 12 hrs and 26 mins
Slouching Towards Bethlehem,By: Joan Didion,Length: 6 hrs and 52 mins
The Last Black Unicorn,By: Tiffany Haddish,Length: 6 hrs and 29 mins
TED Talks,By: Chris Anderson,Length: 7 hrs and 31 mins
Call Me by Your Name,By: André Aciman,Length: 7 hrs and 48 mins
The Book of Five Rings,"By: Miyamoto Musashi, William Scott Wilson - translator",Length: 2 hrs and 41 mins
"Graceland, At Last",By: Margaret Renkl,Length: 7 hrs and 56 mins
My Seven Black Fathers,By: Will Jawando,Length: 7 hrs and 35 mins
We Do This ‘Til We Free Us,By: Mariame Kaba,Length: 9 hrs and 25 mins
There Are No Accidents,By: Jessie Singer,Length: 8 hrs and 50 mins
Mutual Aid,By: Dean Spade,Length: 4 hrs and 41 mins
Toxic,By: Maggie Cole,Length: 10 hrs and 8 mins
The Shining Girls,By: Lauren Beukes,Length: 10 hrs and 33 mins
Ikigai,"By: Héctor García, Francesc Miralles",Length: 3 hrs and 18 mins
I Never Thought of It That Way,By: Mónica Guzmán,Length: 8 hrs and 47 mins
City on Fire,By: Don Winslow,Length: 8 hrs and 54 mins
Happy at Any Cost,By: Kirsten Grind,Length: 9 hrs and 11 mins
Empire of the Scalpel,By: Ira Rutkow MD,Length: 15 hrs and 22 mins
Dava Shastri's Last Day,By: Kirthana Ramisetti,Length: 12 hrs and 59 mins
PIHKAL,"By: Alexander Shulgin, Ann Shulgin",Length: 22 hrs and 29 mins
Into Every Generation a Slayer Is Born,By: Evan Ross Katz,Length: 11 hrs and 42 mins
Wild and Wicked Things,By: Francesca May,Length: 14 hrs and 48 mins
The Protectorate War,By: Emmet Moss,Length: 25 hrs and 28 mins
The Awesome Human Project,By: Nataly Kogan,Length: 8 hrs and 6 mins
Until Leaves Fall in Paris,By: Sarah Sundin,Length: 9 hrs and 35 mins
Grief Is Love,By: Marisa Renee Lee,Length: 4 hrs and 14 mins
"Spies, Lies, and Algorithms",By: Amy B. Zegart,Length: 11 hrs and 54 mins
Not One Inch,By: M.E. Sarotte,Length: 15 hrs and 54 mins
The Rising of the Shield Hero Volume 02,By: Aneko Yusagi,Length: 7 hrs and 4 mins
Sex at Dawn,"By: Christopher Ryan, Cacilda Jetha",Length: 10 hrs and 57 mins
When We Cease to Understand the World,"By: Benjamin Labatut, Adrian West - translator",Length: 5 hrs and 40 mins
Liberalism and Its Discontents,By: Francis Fukuyama,Length: 5 hrs and 13 mins
My Summer Darlings,By: May Cobb,Length: 9 hrs and 43 mins
Killers of the Flower Moon,By: David Grann,Length: 9 hrs and 4 mins
Benjamin Franklin: An American Life,By: Walter Isaacson,Length: 24 hrs and 40 mins
Reincarnation Blues,By: Michael Poore,Length: 13 hrs and 3 mins
Marrying the Ketchups,By: Jennifer Close,Length: 11 hrs and 12 mins
Strangers We Know,By: Elle Marr,Length: 9 hrs and 3 mins
The Life We're Looking For,By: Andy Crouch,Length: 5 hrs and 55 mins
Deaf Utopia,"By: Nyle DiMarco, Robert Siebert",Length: 10 hrs and 49 mins
Everybody Writes,By: Ann Handley,Length: 8 hrs and 44 mins
Big Feelings,"By: Liz Fosslien, Mollie West Duffy",Length: 5 hrs and 48 mins
Song of Spider-Man,By: Glen Berger,Length: 10 hrs and 55 mins
The Human Element,"By: Loran Nordgren, David Schonthal",Length: 7 hrs and 13 mins
Black Sunshine,By: Karina Halle,Length: 12 hrs and 45 mins
The Heroine's Journey,By: Maureen Murdock,Length: 7 hrs and 35 mins
All the Queen's Men,By: SJ Bennett,Length: 10 hrs and 16 mins
The Future of Money,By: Eswar S. Prasad,Length: 19 hrs and 46 mins
The Recruiter,By: Douglas London,Length: 17 hrs and 13 mins
Awake & Alive to Truth,By: John L. Cooper,Length: 4 hrs and 32 mins
Moment in Time,By: Suzanne Redfearn,Length: 9 hrs and 16 mins
The Warlock: Book 1,By: Dante King,Length: 11 hrs and 50 mins
Native American Herbalist’s Bible: 5 Books in 1,By: Lyotanka Sioux,Length: 7 hrs and 49 mins
Fated,By: Katerina Martinez,Length: 5 hrs and 39 mins
The Gates of Europe,By: Serhii Plokhy,Length: 15 hrs and 20 mins
The True Believer,By: Eric Hoffer,Length: 5 hrs and 17 mins
I Married a Lizardman,By: Regine Abel,Length: 6 hrs and 47 mins
La guía de los padres empáticos para criar a un niño ansioso [The Empathic Parent's Guide to Raising an Anxious Child],By: Freeda Meighan,Length: 1 hr and 36 mins
Small Things Like These,By: Claire Keegan,Length: 1 hr and 57 mins
Lockdown: The Socialist Plan to Take Away Your Freedom,By: Cheryl K. Chumley,Length: 8 hrs and 52 mins
Tasha,By: Brian Morton,Length: 4 hrs and 26 mins
The Black Prism,By: Brent Weeks,Length: 21 hrs and 26 mins
Be Obsessed or Be Average,By: Grant Cardone,Length: 11 hrs and 4 mins
The City of Dusk,By: Tara Sim,Length: 24 hrs and 51 mins
Lies My Mother Told Me,By: Melissa Rivers,Length: 6 hrs
"Naked Statues, Fat Gladiators, and War Elephants",By: Garrett Ryan,Length: 7 hrs and 32 mins
A Fate of Wrath and Flame,By: K. A. Tucker,Length: 18 hrs and 18 mins
No Escape,By: Nury Turkel,Length: 9 hrs and 29 mins
Spouse on Haunted Hill,By: E.J. Copperman,Length: 8 hrs and 46 mins
Mindhunter,"By: John E. Douglas, Mark Olshaker",Length: 15 hrs and 24 mins
The Demon-Haunted World,By: Carl Sagan,Length: 17 hrs and 23 mins
French Braid,By: Anne Tyler,Length: 9 hrs and 4 mins
Tough,By: Terry Crews,Length: 9 hrs and 13 mins
The Book of Cold Cases,By: Simone St. James,Length: 10 hrs and 44 mins
The Power of Regret,By: Daniel H. Pink,Length: 5 hrs and 29 mins
The Love Connection,By: Denise Williams,Length: 3 hrs and 36 mins
Oak Orks of the Antilles,By: J. L. Langland,Length: 16 hrs and 15 mins
Best Beast,By: E.J. Russell,Length: 4 hrs and 22 mins
El Libro Negro de las Horas,By: Eva García Sáenz de Urturi,Length: 9 hrs and 28 mins
Summer on the Island,By: Brenda Novak,Length: 11 hrs and 30 mins
Wizard's Tower,By: Gregory Allanther,Length: 12 hrs and 4 mins
Vipers and Virtuosos,By: Sav R. Miller,Length: 11 hrs and 34 mins
Who Killed Jane Stanford?,By: Richard White,Length: 11 hrs and 28 mins
Whirlwind,"By: L.T. Ryan, Brian Shea",Length: 4 hrs and 55 mins
Growth Hero 2,By: Brent Tyman,Length: 11 hrs and 15 mins
"Strong Fathers, Strong Daughters",By: Meg Meeker,Length: 7 hrs and 4 mins
Swan Song,By: Robert R. McCammon,Length: 34 hrs and 19 mins
1-2-3 Magic,By: Thomas W. Phelan PhD,Length: 7 hrs and 1 min
One Up On Wall Street,By: Peter Lynch,Length: 2 hrs and 11 mins
The Patient,By: Tim Sullivan,Length: 11 hrs and 50 mins
Forbidden City,By: Vanessa Hua,Length: 13 hrs and 29 mins
Siren Queen,By: Nghi Vo,Length: 8 hrs and 43 mins
Anchored,"By: Deb Dana, Stephen Porges PhD - Foreword by",Length: 6 hrs and 22 mins
Astrophysics for People in a Hurry,By: Neil deGrasse Tyson,Length: 3 hrs and 41 mins
The Miracle Morning,By: Hal Elrod,Length: 4 hrs and 57 mins
The Kybalion,By: The Three Intiates,Length: 4 hrs and 6 mins
Into the Wild,By: Jon Krakauer,Length: 7 hrs and 5 mins
Leonardo da Vinci,By: Walter Isaacson,Length: 17 hrs and 1 min
As a Man Thinketh,By: James Allen,Length: 55 mins
Anne Frank: The Diary of a Young Girl,By: Anne Frank,Length: 9 hrs and 55 mins
American Sniper,"By: Chris Kyle, Scott McEwan, Jim DeFelice",Length: 10 hrs and 18 mins
The State of Affairs,By: Esther Perel,Length: 11 hrs and 57 mins
Brighter by the Day,By: Robin Roberts,Length: 3 hrs and 43 mins
Coming in from the Cold,By: Sarina Bowen,Length: 6 hrs and 33 mins
Cheap Speech,By: Richard L. Hasen,Length: 5 hrs and 48 mins
The Good-Enough Life,By: Avram Alpert,Length: 9 hrs and 14 mins
The Dragon,By: Jamie Lee Grey,Length: 7 hrs and 16 mins
The Real Diana,By: Lady Colin Campbell,Length: 15 hrs and 50 mins
Las tres heridas,By: Paloma Sánchez-Garnica,Length: 23 hrs and 30 mins
Bringing Up Bébé,By: Pamela Druckerman,Length: 9 hrs and 8 mins
In Harm's Way,By: Doug Stanton,Length: 8 hrs and 12 mins
Down the Rabbit Hole,By: Holly Madison,Length: 10 hrs and 51 mins
Love Does,By: Bob Goff,Length: 5 hrs and 35 mins
The End of the Affair,By: Graham Greene,Length: 6 hrs and 28 mins
How to Manage Your Home Without Losing Your Mind,By: Dana K. White,Length: 6 hrs and 15 mins
No Bad Kids,By: Janet Lansbury,Length: 3 hrs and 29 mins
Rains of Liscor,By: pirateaba,Length: 32 hrs
Anxiety & Communication in Relationship,By: Violet Marrow,Length: 11 hrs and 22 mins
Translating Myself and Others,By: Jhumpa Lahiri,Length: 5 hrs and 40 mins
The Kaiju Preservation Society,By: John Scalzi,Length: 8 hrs and 2 mins
The 2% Way,By: Dr. Myron L. Rolle,Length: 6 hrs and 52 mins
A Killer by Design,"By: Ann Wolbert Burgess, Steven Matthew Constantine",Length: 9 hrs and 2 mins
A Perilous Perspective,By: Anna Lee Huber,Length: 11 hrs and 30 mins
#GIRLBOSS,By: Sophia Amoruso,Length: 4 hrs and 41 mins
Feral,"By: James DeMonaco, B. K. Evenson",Length: 9 hrs and 54 mins
Wild Power,"By: Alexandra Pope, Sjanie Hugo Wurlitzer",Length: 8 hrs and 33 mins
UnSelfie,By: Michele Borba Dr.,Length: 8 hrs and 22 mins
"Men Are from Mars, Women Are from Venus",By: John Gray,Length: 9 hrs and 28 mins
Second Chance Contract,By: M. Robinson,Length: 7 hrs and 25 mins
Six-Minute X-Ray,By: Chase Hughes,Length: 6 hrs and 13 mins
The Devil and the Deep Blue Sea,By: Elizabeth O'Roark,Length: 9 hrs and 28 mins
Uncharted,By: S. D. Perry,Length: 8 hrs and 24 mins
Illuminae,"By: Amie Kaufman, Jay Kristoff",Length: 11 hrs and 40 mins
Rocket Boys,By: Homer Hickam,Length: 13 hrs and 38 mins
The Liar's Knot,By: M. A. Carrick,Length: 23 hrs and 13 mins
The Ogress and the Orphans,By: Kelly Barnhill,Length: 13 hrs and 4 mins
Blind Bake,By: Denise Grover Swank,Length: 12 hrs and 58 mins
Blank Canvas,By: Marcy Gregg,Length: 7 hrs and 2 mins
Moonstruck,By: Onley James,Length: 8 hrs and 42 mins
"Irresistible Omegas, Volume Two",By: Nora Phoenix,Length: 21 hrs and 6 mins
It's Kind of a Funny Story,By: Ned Vizzini,Length: 8 hrs and 35 mins
Great Expectations,By: Charles Dickens,Length: 18 hrs and 32 mins
Should I Stay or Should I Go?,By: Ramani Durvasula PhD,Length: 10 hrs and 46 mins
Fried Green Tomatoes at the Whistle Stop Cafe,By: Fannie Flagg,Length: 11 hrs and 27 mins
Scattered,By: Gabor Maté MD,Length: 10 hrs and 58 mins
Uglies,By: Scott Westerfeld,Length: 10 hrs and 12 mins
The TB12 Method,By: Tom Brady,Length: 6 hrs and 55 mins
The Panama Papers,"By: Frederik Obermaier, Bastian Obermayer",Length: 12 hrs and 2 mins
"The China Study, Revised and Expanded Edition","By: T. Colin Campbell PhD, Thomas M. Campbell II MD",Length: 18 hrs and 2 mins
The Radium Girls,By: Kate Moore,Length: 15 hrs and 52 mins
Death by Meeting,By: Patrick Lencioni,Length: 4 hrs and 31 mins
Healing from Hidden Abuse,By: Shannon Thomas LCSW,Length: 6 hrs and 26 mins
The Love Dare,"By: Stephen Kendrick, Alex Kendrick",Length: 5 hrs and 48 mins
The Passage,By: Justin Cronin,Length: 36 hrs and 49 mins
The House of the Spirits,By: Isabel Allende,Length: 18 hrs and 51 mins
The Mindbody Prescription,By: John E. Sarno M.D.,Length: 7 hrs and 4 mins
The Four Obsessions of an Extraordinary Executive,By: Patrick Lencioni,Length: 3 hrs and 1 min
Red Mars,By: Kim Stanley Robinson,Length: 23 hrs and 51 mins
Insecure in Love,By: Leslie Becker-Phelps PhD,Length: 6 hrs and 19 mins
The Master Key System Audiobook - All 28 Parts,By: Charles F. Haanel,Length: 8 hrs and 34 mins
The Henry Huggins Audio Collection,"By: Beverly Cleary, Tracy Dockray",Length: 15 hrs and 26 mins
Promise of Blood,By: Brian McClellan,Length: 19 hrs and 1 min
Let's Pretend This Never Happened,By: Jenny Lawson,Length: 8 hrs and 41 mins
"Love, Lies, and Hocus Pocus Kindred",By: Lydia Sherrer,Length: 20 hrs and 40 mins
How Not to Hate Your Husband After Kids,By: Jancee Dunn,Length: 7 hrs and 37 mins
A Distant Mirror,By: Barbara W. Tuchman,Length: 28 hrs and 38 mins
The Dispossessed,By: Ursula K. Le Guin,Length: 13 hrs and 25 mins
E-Squared,By: Pam Grout,Length: 3 hrs and 50 mins
Great by Choice,"By: Jim Collins, Morten T. Hansen",Length: 8 hrs and 45 mins
Helmet for My Pillow,By: Robert Leckie,Length: 10 hrs and 24 mins
Call the Midwife,By: Jennifer Worth,Length: 12 hrs and 1 min
Gut,By: Giulia Enders,Length: 7 hrs and 26 mins
The Outward Mindset,By: The Arbinger Institute,Length: 4 hrs and 22 mins
The Rising Sun,By: John Toland,Length: 41 hrs and 9 mins
The Longest Day,By: Cornelius Ryan,Length: 8 hrs and 46 mins
Go for No!,"By: Richard Fenton, Andrea Waltz",Length: 1 hr and 33 mins
Me Before You,By: Jojo Moyes,Length: 14 hrs and 40 mins
The Wonderful Wizard of Oz,By: L. Frank Baum,Length: 3 hrs and 49 mins
Sickening,By: John Abramson,Length: 9 hrs and 17 mins
The Great Reset,"By: Glenn Beck, Justin Trask Haskins",Length: 9 hrs and 57 mins
On a Quiet Street,By: Seraphina Nova Glass,Length: 11 hrs and 21 mins
The Stardust Thief,By: Chelsea Abdullah,Length: 15 hrs and 38 mins
Disrupting the Game,By: Reggie Fils-Aimé,Length: 8 hrs and 17 mins
I Guess I Haven't Learned That Yet,By: Shauna Niequist,Length: 6 hrs and 21 mins
Getting to Neutral,"By: Trevor Moawad, Andy Staples",Length: 6 hrs and 18 mins
On Blue’s Waters,By: Gene Wolfe,Length: 13 hrs and 21 mins
The Office BFFs,"By: Jenna Fischer, Angela Kinsey",Length: 8 hrs and 26 mins
The Women's House of Detention,By: Hugh Ryan,Length: 13 hrs and 23 mins
Self-Care for Black Women,By: Oludara Adeeyo,Length: 5 hrs and 13 mins
PSI National Real Estate License Exam PrepPsi National Real Estate License Exam Prep :,By: Byron Blake,Length: 10 hrs and 51 mins
Never Panic Early,By: Fred Haise,Length: 7 hrs and 2 mins
Fractured Faith,By: Lina AbuJamra,Length: 3 hrs and 58 mins
In My Dreams I Hold a Knife,By: Ashley Winstead,Length: 10 hrs and 22 mins
Uniquely Human: Updated and Expanded,"By: Barry M. Prizant PhD, Tom Fields-Meyer - contributor",Length: 11 hrs and 48 mins
The Saints of Swallow Hill,By: Donna Everhart,Length: 12 hrs and 13 mins
Faking the Game,By: Claudia Burgoa,Length: 5 hrs and 30 mins
Limited Edition of One,"By: Steven Wilson, Mick Wall",Length: 9 hrs and 50 mins
Moneyball,By: Michael Lewis,Length: 10 hrs and 26 mins
It Didn't Start with You,By: Mark Wolynn,Length: 8 hrs and 16 mins
Napoleon Hill's Outwitting the Devil,"By: Napoleon Hill, Sharon L. Lechter - editor",Length: 5 hrs and 51 mins
The Secret History,By: Donna Tartt,Length: 22 hrs and 3 mins
Not What It Seems,By: Nicky James,Length: 12 hrs and 36 mins
Take Me to the River,By: Kaci Rose,Length: 5 hrs and 24 mins
The Resurrection of Jesus,By: Michael R. Licona,Length: 21 hrs and 42 mins
Book of Night,By: Holly Black,Length: 12 hrs and 33 mins
The Lawless Land,"By: Boyd Morrison, Beth Morrison",Length: 13 hrs and 15 mins
Abraham Lincoln: Vampire Hunter,By: Seth Grahame-Smith,Length: 11 hrs and 2 mins
Strange the Dreamer,By: Laini Taylor,Length: 18 hrs and 20 mins
The Gift of Failure,By: Jessica Lahey,Length: 7 hrs and 46 mins
How to Avoid Falling in Love with a Jerk,By: John Van Epp,Length: 9 hrs and 2 mins
Seasonal Fears,By: Seanan McGuire,Length: 16 hrs and 28 mins
An Unfamiliar Duke,By: Sian Ann Bessey,Length: 8 hrs and 27 mins
The Avoidable War,By: Kevin Rudd,Length: 16 hrs and 9 mins
Dark Passage,"By: L.T. Vargus, Tim McBain",Length: 9 hrs and 37 mins
Moon Touched,By: Elizabeth Briggs,Length: 8 hrs and 17 mins
A Heart Adrift,By: Laura Frantz,Length: 14 hrs and 1 min
Unthinkable,By: Jamie Raskin,Length: 15 hrs and 8 mins
Robert E. Howard's Conan the Cimmerian Barbarian,"By: Robert E. Howard, Finn J. D. John",Length: 35 hrs and 6 mins
America's First Daughter,"By: Stephanie Dray, Laura Kamoie",Length: 23 hrs and 28 mins
War and Remembrance,By: Herman Wouk,Length: 56 hrs and 3 mins
Últimos días en Berlín,By: Paloma Sánchez-Garnica,Length: 21 hrs and 50 mins
The Red Monk of Roha,By: Anthony Nana Kwamu,Length: 8 hrs and 15 mins
Conservatism,By: Yoram Hazony,Length: 16 hrs and 42 mins
Crying Wolfe,By: Kerrigan Byrne,Length: 5 hrs and 49 mins
Giftology,By: John Ruhlin,Length: 2 hrs and 8 mins
More Than This,By: Patrick Ness,Length: 11 hrs
Geek Love,By: Katherine Dunn,Length: 15 hrs and 26 mins
Bowling Alone: Revised and Updated,By: Robert D. Putnam,Length: 18 hrs and 56 mins
Dungeon Core Online: Remastered Edition—Book 3,By: Jonathan Smidt,Length: 21 hrs and 10 mins
Chloe Cates Is Missing,By: Mandy McHugh,Length: 11 hrs and 25 mins
The Resistance and The Reckoning,By: S.L. Scott,Length: 21 hrs and 24 mins
Brutal Heir,By: Eden O'Neill,Length: 6 hrs and 43 mins
Everything I Never Told You,By: Celeste Ng,Length: 10 hrs and 1 min
Good Vibrations,By: Kayley Loring,Length: 7 hrs and 26 mins
Rich Habits,By: Thomas C. Corley,Length: 2 hrs and 12 mins
Utopia for Realists,By: Rutger Bregman,Length: 6 hrs and 34 mins
Dungeons,By: Rohan M. Vider,Length: 20 hrs and 1 min
Raven Rock,By: Garrett M. Graff,Length: 18 hrs and 4 mins
Flyboys,By: James Bradley,Length: 14 hrs and 22 mins
Onward,"By: Howard Schultz, Joanne Gordon",Length: 12 hrs and 39 mins
The Luminaries,By: Eleanor Catton,Length: 29 hrs and 15 mins
Hello Stranger,By: Jade West,Length: 9 hrs and 34 mins
The Storm Before the Storm,By: Mike Duncan,Length: 10 hrs and 13 mins
Give and Take,By: Adam M. Grant PhD,Length: 11 hrs and 50 mins
The Big Short,By: Michael Lewis,Length: 9 hrs and 27 mins
