User,Tweet
@TheRed_Shadow,"Estamos en la preventa del curso #Criptomonedas y #NFT para principiantes. Y como es costumbre, voy a sortear algunos cupos GRATUITOS. ¿Qué debes hacer? 1. Dar retweet y like a este post. 2. Mencionar a tres amigos. Serán 5 ganadores que se anunciarán el miércoles 16"
@rdbollo,De curso. #Criptomonedas
@PeronchaRuda,"""Curso Criptomonedas I y II"""
@naditagenzelis,"Excelente apertura del Curso: Criptomonedas, Smarts contrasts y Blockchain! @Civil2az @FerBranciforte @ucalp"
@kravmagahacking,#Blockchain #Bitcoin #OnlineTraining #Curso #Criptomonedas Lanzamiento del Curso Online Fundamentos de Blockchain: https://kmh.thinkific.com
@PyCriptoactiva,Quieres aprender sobre #mineria? Realiza el curso #Criptomonedas #Trading #mineria #baseslegales con @PyCriptoactiva
@cpci_caba,Curso Criptomonedas! Cryptos! Bitcoin! Blockchain! Inicio: 11 de abril Consulta: capacita@cpci.org.ar WhatsApp: 1166419311 Inscribite antes del 4 de abril y obtené un 10% de descuento! No te lo pierdas!
@C3sarMoran,Excelente primera parte del curso #Criptomonedas y #NFT Por parte de @TheRed_Shadow De mucho provecho el conocimiento y sin duda todos debemos aprender sobre el mundo de la #blockchain y las #cripto
@Rankia,"Últimas horas de preventa con 70% de descuento de nuestro curso: ""Criptomonedas desde Cero"" 120 lecciones en vídeo, 12 sesiones en directo y más de 15 profesores https://rankia.com/cursos/4773-criptomonedas-cero?=twitter…"
@BITPointLatam,"¿Sabes cómo manejar nuestra plataforma? Si aún tienes dudas, este curso es para ti Durante cuatro clases podrás aprender desde cómo registrarte hasta los tipos de órdenes. Inscríbete aquí: https://cutt.ly/IWixCDj #BITPOINT #curso #criptomonedas"
@ac_mediagroup,Segundo día de curso...criptomonedas...bitcoins...operaciones y monederos digitales. Información valiosísima de un instructor experto en el tema. Gracias @aaronolmos por su aporte en la jornada del dia de hoy. ¡Todos conectados ! #criptomoneda #emprendimiento #ccs @aaronolmos
@TradingyBolsa_,Un auténtico 2 x 1 DESCUENTO . Curso #trading básico ONLINE curso #criptomonedas . Y si compras tu curso HOY DESCUENTAZO -70€ . ¡ÚLTIMO DÍA! . https://tradingybolsaparatorpes.com/curso-trading-basico-online… . #agostonocuenta #cursosdetrading #cursocriptomonedas #rebajasverano
@profeluisv,En el curso criptomonedas: transacción e inversiones en @CENDECO aprendimos sobre modelos de pronósticos de #bitcoin @Unimet #BTC Modeling bitcoin value with scarcity by @100trillionUSD
@fperman,"Curso Criptomonedas para principiantes Aprende, vive y comparte una experiencia de aprendizaje significativo, Modalidad semipresencial. Reserva tu cupo en: http://forper.unet.edu.ve Comunícate con nosotros: 0276-3531714 0424-7235172"
@cpci_caba,Curso Criptomonedas! Bitcoin! Blockchain! Inicio: 11 de abril Consulta: capacita@cpci.org.ar WhatsApp: 1166419311 Inscribite antes del 4 de abril y obtené un 10% de descuento! No te lo pierdas! via Facebook https://ift.tt/2E0GnzS
@ExtensionUFASTA,#CURSO Criptomonedas y Blockchain 29/11 - 30/11 - 06/12 - 07/12 Viernes: 17 a 21 hs / Sábados: 9 a 13 hs Avellaneda 3345 #UFASTA Actividad Arancelada. @FIUFASTA Más información: https://bit.ly/2pT27MY #Extension #Educacion #MardelPlata
@TradingyBolsa_,Súper PROMO 3 x 1 . ¡Últimas horas! . Curso trading básico online+curso de #Forex + curso #criptomonedas . https://planb-forex.com . No dejes escapar este 3x1: formación en #trading e inversiones en #Forex y #criptos
@TradingEveryone,El MARTES 10 de AGOSTO Comienza Ultima Edición en VIVO 2021 del Curso: TRADING CON CRIPTOMONEDAS + FUNDAMENTOS DE CRIPTOMONEDAS. - Martes y Jueves 19:30hs - (Online) Comenta INFO para mas Información! #Bitcoin #curso #Criptomonedas #ethereum $btc $btcusd
@uninetbs,Recuerda que puedes ganar un cupo en nuestro Curso #Criptomonedas & #Trading para #Adolescentes… https://instagram.com/p/Bftx5AohLEX/
@BebeCripto,PASA POR NUESTRO CANAL PARA APRENDER SOBRE: -#parachain -#PolkaDot - @RudeGolems y #NFTs -Curso criptomonedas ESPAÑOL desde 0 #bebecripto CORRE
@JoyCfTw,"Nuevo curso!! #Criptomonedas #crypto #cryptocurrencies #blockchain #smartcontracts #ecommerce #future este 10, 11 y 12 de SEPTIEMBRE en @ISACABsAs por @JoyCfTw https://isaca.org.ar/2018/08/07/blockchain-smart-contracts-criptomonedas-y-bitcoin-que-nos-depara-el-futuro-del-e-commerce/…"
@VictoriaImcp,"Registro de participantes al curso CRIPTOMONEDAS ASPECTOS CONTABLES, FISCALES Y FINANCIEROS https://forms.gle/ygae7dW6K8DFhduX8… #CdVictoria #Tamaulipas"
@BebeCripto,PASA POR EL CANAL PARA APRENDER SOBRE: #parachain #polkadot todo sobre las actuales subastas y las posteriores funcionalidades de los proyectos y ganancias. @RudeGolems #rudedemons todo sobre la colección #nft Curso Criptomonedas desde 0
@IESA,"¡Adquiere herramientas fundamentales que te permitan llevar a cabo un proceso óptimo de inversión en criptomonedas! Para más información, haz clic aquí>> https://goo.gl/FRRXxJ #IESA #Curso #Criptomonedas"
@profeluisv,"Hoy terminamos la 4ta. edición del curso criptomonedas: transacción e inversiones en @CENDECO Algunos alumnos me escribieron preguntándome donde pueden encontrar la música y el poema: The Run of the Golden Bull. Aquí se los comparto, gracias. @unimet #Bitcoin #BTC"
@nuevoinversor,"New post in Bitcoin & Digital Assets: He tenido el placer de ser uno de los profes del curso ""Criptomonedas desde cero"" de Rankia. Tenéis más info en el siguiente enlace: https://bit.ly/37oxm7Z"
@Fca_Serrano,"CURSO PRESENCIAL DE TRADING Y CURSO EN DIRECTO DE #TRADING DESDE TU CASA 4,5,6 FEBRERO https://tradingybolsaparatorpes.com/curso-trading-basico-presencial… desde ahí puedes elegir: Curso presencial Curso en directo desde tu casa CURSO CRIPTOMONEDAS INCLUIDO 958295958"
@criptoecotecno,"El precio del #Bitcoin buscando consolidarse sobre los 46/47K, la capitalización de mercado y el volumen diario se ha mantenido a como venía antes de la caída hace 2 días, lo que es buena noticia, el mercado sigue su curso. #criptomonedas #criptoecotecno"
@TradingyBolsa_,"Súper PROMO 3 x 1 . ¡Solo hasta MAÑANA jueves 8 de julio! . Curso trading básico online+curso de #Forex + curso #criptomonedas . https://planb-forex.com . No dejes escapar esta promoción, este 3x1 en formación en #trading e inversiones en #Forex y #criptos"
@Handbookoficial,Conoce a tus profesores del curso Criptomonedas y Blockchain: regulaciones jurídicas y tributarias. https://buff.ly/2Nj7ZZJ
@escuelacriptook,He añadido un vídeo a una lista de reproducción de @YouTube (http://youtu.be/jkIcd4ZShTA?a - ✎ Curso Criptomonedas Gratis│Clase N°3
@michmitnick,CRIPTOMONEDA PIVX (PIVX) EN TENDENCIA ALCISTA CON PRONÓSTICO FAVORABLE. CORRECCIÓN EN CURSO. https://youtube.com/watch?v=qDo3sJfns9k… #Criptomonedas #PIVX #Dólar #Blockchain @PIVX_Espanol @PIVXcommunity @_pivx
@EmprenderSimple,NUEVO CURSO! Criptomonedas para Principiantes Este curso incluye todos los conocimientos necesarios para comenzar a invertir en todas las Criptomonedas desde Argentina. MIRALO en http://emprendermas.com #argentina #emprendersimple #criptomonedas #bitcoin #altcoin
@criptonetwork,#RecomendadoDelDía ¿Deprimido Por El Precio Actual o FUD En Curso? http://rviv.ly/utMEUV #criptomonedas #inversion
@DavidCo68579516,#Curso #criptomonedas te enseñara a ser experto y como ganar #Dinero y mejorar tus #Ingresos https://bit.ly/2YIWGiV #dolar #DolarEuro
@bysynergyvision,Curso Criptomonedas y el poder disruptivo del Blockchain. Este 14 de Abril http://tinyletter.com/bysynergyvision/letters/curso-criptomonedas-y-el-poder-disruptivo-del-blockchain-este-14-de-abril…
@ExtensionUFASTA,#CURSO Criptomonedas y Blockchain Inicia 29/11 Avellaneda 3345 #UFASTA Actividad Arancelada. Informes: proyeccion.ingenieria@ufasta.edu.ar @FIUFASTA Más información: https://bit.ly/2pT27MY #Extension #Educacion #MardelPlata
@Elvechris79,"#UNAM El curso “Criptomonedas & Blockchain” va dirigido al público en general, con o sin conocimientos previos sobre los criptoactivos y que quieran conocer más sobre activos digitales."
@CreaTecVe,"Curso criptomonedas Createcve trae para ti un interesante curso para que puedas proteger tus ganancias entrantes de tu tienda Online realizadas en criptomonedas, sin que te afecte… https://instagram.com/p/BtjrHc2n4g5/?utm_source=ig_twitter_share&igshid=b1ui87cp7oxm…"
@samuerojas,Porque inicio un emprendimiento Rumbo a Probuilr video 11 Contactame Ahora por Whatsapp http://samuelrojas.net/whatsapp/ Messenger https://m.me/samuelonred Curso Criptomonedas de regalo.... https://facebook.com/samuelonred/videos/664195247272572/…
@samuerojas,La falsa seguridad del empleo - reflexión personal Inicia tu negocio de criptomonedas Contactame Ahora por Whatsapp http://samuelrojas.net/whatsapp/ Messenger https://m.me/samuelonred Curso Criptomonedas de... https://facebook.com/samuelonred/videos/665094403849323/…
@CursosExpodato,"El mercado de las #criptomonedas está en su mejor momento CURSO CRIPTOMONEDAS TRANSACCIÓN E INVERSIONES * 13 de marzo 2020 * #UNIMET, Caracas http://ow.ly/Scpk50yBskZ @CENDECO"
@cytcoin,"¿Quieres conocer cuáles son las criptomonedas más populares y cómo hacer seguimiento a sus cotizaciones? Con nuestro curso Criptomonedas,su adquisición y manejo financiero lo aprenderás. Para mayor información puedes contactarnos por DM #Maracaibo #Cursos"
@DiarioCripto,Crypto Exchange DragonEx sopesa el cierre en medio de una 'crisis de confianza' en curso #Criptomonedas - https://diariocripto.com/crypto-exchange-dragonex-sopesa-el-cierre-en-medio-de-una-crisis-de-confianza-en-curso/…
@universodemotor,"Curso Criptomonedas Y Bitcoin Todo Sobre Las Criptomonedas Y El Bitcoin. http://Criptolatino.net, Es Un Curso Donde Enseñamos Trading, Las Mejores Monedas Digitales, Ganar Dinero, Etc. Producto Novedoso Y Con Mucho Potencial! …https://f13520cbmefp7lzclj2l7g3ka9.hop.clickbank.net/?tid=CACERESVSS"
@profeluisv,Te gustaría participar en la 5ta. edición del curso criptomonedas: transacción e inversiones en @CENDECO @Unimet #Bitcoin #BTC
@SoyTSB,"El curso “Criptomonedas & Blockchain” va dirigido al público en general, con o sin conocimientos previos sobre los criptoactivos y que quieran conocer más sobre activos digitales. https://tinyurl.com/yeae9xwj"
@MiCursoIntegral,#Cursos ¿ Cómo Hacer Trading en Criptomonedas #Curso Criptomonedas? este SÁBADO 20 de JULIO DEL 2019. Info http://micursointegral.com
@construyamosong,Acerca de VET (clase 1 Curso Criptomonedas) Repasar el video con atención para relacionar su contenido con lo visto en esta clase.
@vitiavefenix,"CURSO CRIPTOMONEDAS, PONTEVEDRA. 2ª Parte, Con José Luís Santamaría: http://youtu.be/qEgikUVvk6U?a vía @YouTube"
@vitiavefenix,"CURSO CRIPTOMONEDAS, PONTEVEDRA. 1ª Parte, Con Víctor Blázquez Vázquez: http://youtu.be/7iMgUJ1MXak?a vía @YouTube"
@aaronolmos,"Hoy 15/11 agradecido con laescueladelemprendedor por la invitación a participar como facilitador en el curso ""Criptomonedas y Economía Digital para Emprendedores"". Una grata… https://instagram.com/aaronolmos1/p/BqOLxJAHJbb/?utm_source=ig_twitter_share&igshid=1sxt6jus2rnzu…"
@adrianvguzman,Me ha gustado un vídeo de @YouTube (http://youtu.be/A4dpqE1byxQ?a - Curso criptomonedas Gratis [Como ganar dinero con un sistema
@mdticket,"@Regran_ed from cytcoin_ - En nuestro curso ""Criptomonedas: su adquisición y manejo financiero"", aprenderás a operar las distintas herramientas para el administración de estas monedas… https://instagram.com/p/BqsPfFLBUS3/?utm_source=ig_twitter_share&igshid=i19euwml5ypl…"
@rafaelfbarboza,"Aprenda a operar no mercado, com o melhor curso! https://go.hotmart.com/W14638737J #Criptomonedas #olhardigital #Blockchains"
@EdnilsonCampos3,"Yo estoy estudiando lcn en economía,pero mirando las materias que me faltan por cursar,las investigue y ya se de que van y me dan ganas de dejar la carrera.ya curse el curso criptomonedas de platzi y hoy estoy aprendiendo a programar,quiero combinar todo por medio de esto"
@HanibalKanibal,Ese curso Criptomonedas desde Cero lo vas a colgar en Internet o vas a hacer un pdf para descargar?
